,B1,B2,B3,p_kruskal
si_fraction_of_solids,0.0657679241023068,0.0572225041061324,0.0593428702735457,0.22229250330785652
si_wt_pct_estimate,6.766714169806005,5.889050628789271,6.106867628316378,0.22229250330785652
frac_pore,0.1148125611833018,0.1242593351272421,0.142628466309226,0.00024158884972194674
porosity_profile_rel_slope,-0.0570942605871294,-0.1079503292610448,0.1265931385752985,0.2631271461642635
si_ecd_d90,157.85837305704794,160.7969117512527,144.65406175232368,0.7265881267696432
si_ecd_d50,38.58000813627967,39.84959207851641,42.85659805331355,0.7733835177606254
si_dispersion_index_w512,1.095847611732013,1.0738957249801822,1.0572890141875837,0.9517968760780006
si_clustering_index,1.1594115704370538,1.208022979702729,1.1695060824962835,0.7021901112604003
si_crack_density,18.69256148458072,17.376455465795967,22.22637062618861,0.33877904918577334
graphite_crack_density,47.72676469231578,51.3595458032604,67.23670996865788,0.000636636654315065
si_debond_fraction,0.0002587504704554,0.0002109542804541,0.0001601812336243,0.29508415987919684
cbd_fraction_of_solids,0.0995943843994621,0.0992752664436003,0.0994552778210138,0.3578591216175035
cbd_profile_rel_slope,-0.2359136259199375,-0.0471871863959508,-0.06399604056522,0.7292519678299797
si_grey_median_n,1.9738891124725344,2.190834283828736,2.190953016281128,0.16328147113830388
si_profile_rel_slope,0.2554025550465788,-0.1604205956413279,0.1102530779331148,0.48030747108341354
graphite_alignment,0.1465886455147668,0.1407157268460063,0.1473877453874187,0.9617170784409527
graphite_alignment_coherence,0.1470931893229481,0.1412330755797364,0.1474010073517478,0.9800737982646883
si_contact_graphite,0.7507148511332612,0.7656467981508329,0.7882626603846268,0.01851845400137547
si_contact_cbd,0.2259062016835595,0.2188842082227753,0.1959507511778824,0.024064289655923957
si_contact_pore,0.0039175457585499,0.0039158100832109,0.0091886591489289,0.15884476623861532
si_contact_gap,0.0064876670092497,0.0039467798661603,0.0042465483847579,0.25328549065577133
