batch,image_id,height,width,frac_si,frac_graphite,frac_cbd,frac_pore,frac_gap,si_fraction_of_solids,cbd_fraction_of_solids,si_wt_pct_estimate,size_unit,si_count,si_count_per_mpx,si_ecd_d10,si_ecd_d50,si_ecd_d90,si_ecd_d50_area_weighted,si_aspect_ratio_median,si_nn_distance_median,si_fraction_particles_clustered,si_clustering_index,si_dispersion_index_w256,si_dispersion_random_sd_w256,si_dispersion_index_w512,si_dispersion_random_sd_w512,si_dispersion_index_w1024,si_dispersion_random_sd_w1024,si_contact_graphite,si_contact_cbd,si_contact_pore,si_contact_gap,si_debond_fraction,si_cv_w256,si_cv_w512,si_cv_w1024,si_profile_rel_slope,porosity_profile_rel_slope,cbd_profile_rel_slope,si_grey_median_n,si_grey_iqr_n,graphite_ecd_d50,graphite_aspect_ratio_median,graphite_alignment,graphite_alignment_coherence,graphite_alignment_angle_deg,si_crack_density,graphite_crack_density,si_fraction_of_solids_unfiltered,multimodal,qc_floor,qc_graphite_mode,qc_graphite_sigma_n,qc_threshold_method,qc_pore_threshold_n,qc_si_low_n,qc_si_high_n,qc_si_peak_n,qc_bright_unassigned_fraction,qc_etd_pore_threshold_n,qc_etd_pore_method,qc_si_vetoed_fraction,qc_modal_agreement,porosity_detector_disagreement,qc_streak_severity,qc_charging_index,qc_edge_blur_px,qc_pixel_delta_px,si_fraction_of_solids_pix_lo,si_fraction_of_solids_pix_hi,si_wt_pct_estimate_pix_lo,si_wt_pct_estimate_pix_hi,frac_pore_pix_lo,frac_pore_pix_hi,porosity_profile_rel_slope_pix_lo,porosity_profile_rel_slope_pix_hi,si_ecd_d90_pix_lo,si_ecd_d90_pix_hi,si_ecd_d50_pix_lo,si_ecd_d50_pix_hi,si_dispersion_index_w512_pix_lo,si_dispersion_index_w512_pix_hi,si_clustering_index_pix_lo,si_clustering_index_pix_hi,si_crack_density_pix_lo,si_crack_density_pix_hi,graphite_crack_density_pix_lo,graphite_crack_density_pix_hi,si_debond_fraction_pix_lo,si_debond_fraction_pix_hi,cbd_fraction_of_solids_pix_lo,cbd_fraction_of_solids_pix_hi,cbd_profile_rel_slope_pix_lo,cbd_profile_rel_slope_pix_hi,si_grey_median_n_pix_lo,si_grey_median_n_pix_hi,si_profile_rel_slope_pix_lo,si_profile_rel_slope_pix_hi,graphite_alignment_pix_lo,graphite_alignment_pix_hi,si_contact_graphite_pix_lo,si_contact_graphite_pix_hi,si_contact_cbd_pix_lo,si_contact_cbd_pix_hi,si_contact_pore_pix_lo,si_contact_pore_pix_hi,si_contact_gap_pix_lo,si_contact_gap_pix_hi,trust_flags
Batch_1,img_4ih2ggld,2312,6992,0.0875740094462876,0.6625041817440397,0.1186092929734823,0.1313125158361904,0.0027963866762211,0.1008118696801364,0.1365385079625666,10.361083725624477,px,411,25.4245088801438,7.653039857325812,15.512648837479231,108.80524475845613,210.8741119717533,2.050359557508848,71.0331107177462,0.3017031630170316,1.1594115704370538,1.0422075374235094,0.0449849529029231,1.199443065902954,0.0971240996495484,1.2478235907386086,0.2017826052292065,0.7024386654033319,0.1968180521953508,0.0846403635460457,0.0161029188552715,0.0049585783405291,1.6309813215381015,0.957711130427749,0.5795372537868069,-0.5315505408862856,-0.4240248574721517,0.2710561604897953,1.6493350267410278,0.1090079545974731,48.97734781518215,1.59760520485831,0.1137260309567206,0.1137343376394677,-0.3462408366396025,30.44477628387246,47.72676469231578,0.1414318441851683,True,2.926660999946762e-05,55.375,0.0920266704055288,valley,0.6318933183778848,1.475000000000002,1.555000000000002,1.6350000000000018,0.0381885402397599,0.5350000000000009,valley,0.0001680890674305,0.9999159484022074,0.3107319269576886,0.0780835387175514,0.0172685614998455,5.020500579593735,3,0.0842832298683573,0.1196010839036108,8.666752313233308,12.285044788700889,0.1007815159985114,0.1645173574544907,-0.4575953605329895,-0.3726718191983668,108.80524475845613,139.48726025210442,15.5125945529388,24.10875947201862,1.046546593815886,1.2148180835009914,1.0223679546729925,1.16348209221665,25.93929975317671,52.80648188731481,45.77556123796396,50.22216960088638,0.0,0.0154883927373321,0.1245492558195255,0.1365385079625666,0.2710561604897953,0.2873658760267096,1.637597739696503,1.6493462324142456,-0.5482545140607386,-0.507075347874323,0.107289777815151,0.1185765123600211,0.5349297073058308,0.9341046461932964,0.0646071188717259,0.2269083637628238,0.0,0.2541737727587002,0.0012882349349777,0.0182316118935837,low_si_contrast
Batch_1,img_5n1q8atc,2312,6996,0.1035571982803816,0.6764212520847306,0.1526698523723887,0.0673516972624989,0.0025396989085211,0.1110356368809351,0.163694987622101,11.408244634358864,px,398,24.606250531692847,8.034421025858574,15.450954346703211,111.53451434388128,219.2774912465452,1.97517526227298,67.41400401482667,0.2814070351758794,1.1655972280602314,0.9695288992308244,0.0426422672951738,0.947890474195432,0.0863321344256044,0.9348241455385606,0.198147923780555,0.6850899136262802,0.2746152228853885,0.0265428629047829,0.0137520005835482,0.003646346416916,1.6598793094217543,1.13342566153877,0.5713261933724663,0.6176544466942423,0.077486464092164,-0.5415581453830534,1.6643307209014893,0.1115289628505706,49.08125119267976,1.588171586039672,0.0710560308258958,0.0719701207610405,4.570742125347008,32.09529245163617,50.61902325447909,0.1685039563205506,True,0.0103626260533928,54.875,0.0928826731445307,valley,0.6284693074218772,1.4650000000000016,1.555000000000002,1.645000000000002,0.0559447217490568,0.3450000000000007,valley,0.0,1.0,0.2953583076633622,0.0899468578467376,0.0173477157485938,5.065187351242049,3,0.0956324373112541,0.1282315929498651,9.830332295986324,13.168036317789795,0.0484306034491286,0.0891538244295801,0.0202244736307203,0.0858715390465529,111.53451434388128,141.33060449920367,15.388984500768704,24.4754061384805,0.9478666643327842,1.0420514732338275,1.024570752888168,1.1655972280602314,26.563997834117004,57.53761250138287,46.75016914997586,52.67035135547029,0.0,0.0146077217062744,0.1539823186649083,0.163694987622101,-0.5597974094675867,-0.5415581453830534,1.653008222579956,1.6643472909927368,0.5566315472186393,0.6803434767103419,0.0677321967657725,0.0731202892199492,0.5637295691576737,0.9059774135686226,0.0931843962516135,0.3091632391060813,0.0,0.1360087263571339,0.0008381901797638,0.0160107283327745,low_si_contrast
Batch_1,img_f1vzngrs,2144,6996,0.064056459768055,0.7342576621608936,0.1452861789892731,0.056399699081778,0.002392158525554,0.0678851625054818,0.1539700430869877,6.9840950062237575,px,138,9.200353293566474,13.824763391270604,47.66556054146818,167.64480301814547,167.04585556791233,1.931085138816142,127.65999009830244,0.0579710144927536,1.072926710282387,0.995542563359711,0.0426446021405526,0.9701767952709448,0.0938889063992775,0.9922109050124048,0.1954555494307943,0.6412864915374298,0.3551717381802836,0.0001883920362918,0.0033533782459947,3.3354735955571495e-05,1.7601372725299351,1.0034901359386936,0.5108134392910235,0.8486783292286626,0.3934019625966399,-0.3410491592635051,2.299625873565674,0.1522910594940185,57.97710480422262,1.579854249209352,0.1536631640173966,0.1567073397784146,5.655921721165631,18.69256148458072,41.149715048211085,0.0729269681811395,True,0.103277251124382,49.875,0.0938546911251909,valley,0.6245812354992362,1.8550000000000024,2.0800000000000023,2.3050000000000024,0.0056774846820784,0.3850000000000008,valley,0.0,1.0,0.3265851591077442,0.0263729780526759,0.0205612562189054,6.968628866366588,3,0.0584190757621989,0.078427796743303,6.011973308804351,8.066103614934523,0.035776773828115,0.081299788578548,0.2580344275476046,0.5424630532952042,160.2933997791412,176.52561524163593,46.04284789176323,57.66889708368147,0.9654289179954232,0.9719681394214464,1.0294374915819522,1.072926710282387,18.27428710751412,35.99408919686916,39.411501804894925,43.14658307194684,0.0,0.006897068745783,0.1417007027734595,0.1539700430869877,-0.3451326179676693,-0.3195141397787252,2.2812864780426025,2.3078534603118896,0.7631245520728724,0.9340936201561928,0.1435863010964594,0.157432999831312,0.5544471907625337,0.8355940698106802,0.1644059301893198,0.3870473568526453,0.0,0.0484893201018187,0.0,0.0120780610174493,
Batch_1,img_ffwubibz,2076,6996,0.0440308031784746,0.792001843057029,0.0742254588639145,0.0897418949005817,0.0022021942623971,0.0483717782152191,0.0815433100217302,4.979541360718612,px,113,7.780388683431545,14.882185843266678,52.49085991681687,145.54047702273908,144.93414369651038,1.8466511021845933,116.99884561107572,0.0884955752212389,1.2288319418162843,0.9803927023376712,0.0492417811896596,1.0974444874326406,0.0968629940184774,0.9183422772262056,0.2082549055898399,0.7942366328543813,0.1987484804400247,0.0028497977241475,0.0041650889814464,0.0001649348507339,1.924162615298748,1.1970770793266328,0.4768850118971297,-1.2448622413839878,-0.1514589990902583,-0.5026296209277092,1.9738891124725344,0.1055148839950561,63.79065831414583,1.5583975592320063,0.1584678202952141,0.1635351977531118,-7.150254584681546,9.789050649736508,44.21534455020233,0.0488467291846062,True,0.1364685446023941,58.875,0.0976015370302615,valley,0.6095938518789539,1.6250000000000018,1.805000000000002,1.985000000000002,0.0010018111092383,0.5350000000000009,valley,0.0,1.0,0.2543741454319453,0.0144480414791121,0.0116064120317583,6.181657797620931,3,0.0404576719689435,0.0571998282521191,4.165858276031768,5.8867210718337954,0.0627114475543966,0.1207554192817035,-0.1632919387361926,-0.145277484536656,138.69452421946082,154.91863393104154,48.66441773213158,62.48852300153263,1.0526422106847777,1.0974444874326406,1.133047610844889,1.2499971700894297,8.715451405911255,44.32974871138431,42.50707027736129,47.56461050122996,0.0,0.0070828874350459,0.0717406841927501,0.0815433100217302,-0.5597769153234724,-0.4976963197348588,1.959015727043152,1.9790476560592647,-1.2506753031972473,-1.2340272475324363,0.1461254725467275,0.1603330729612655,0.6818568536754711,0.9146767151656188,0.0853126100833698,0.2155507094730048,0.0,0.093272963748912,1.067475101143266e-05,0.0093194731026119,
Batch_1,img_fzrt2k6r,2152,6996,0.0564504730265409,0.7410103968066724,0.0865129250703004,0.1160262050964863,0.0023002390107145,0.0638598942095365,0.0978682010361442,6.570788787364429,px,133,8.834044307846652,13.828539914789577,49.507435033691536,162.3476351515236,164.8824149483055,1.845526699415904,122.37444092957465,0.1203007518796992,1.2098328766610535,1.0389293487156173,0.0471256619830632,1.0835122386346492,0.0908258530714301,1.014228558077509,0.1922298561181696,0.7507148511332612,0.2424839663333387,0.0039175457585499,0.0028836367748501,0.0002139819363582,1.8099949845847567,1.104487890978073,0.5671696581008856,0.2554025550465788,-0.0570942605871294,0.1386374112650372,1.8996943831443789,0.1075032949447631,57.53627391751592,1.5816895848101582,0.1465886455147668,0.1470931893229481,-2.373476904845138,20.261588640332093,56.77917986784392,0.0668216695224701,True,0.3470019698143005,61.375,0.0800229743807977,valley,0.6799081024768091,1.615000000000002,1.760000000000002,1.905000000000002,0.0032658731170865,0.605000000000001,valley,0.0,1.0,0.2682786480466109,0.0863246164754257,0.0295541955998223,6.098976828789574,3,0.0536927642806737,0.0753124465712605,5.526390784759276,7.746443274088458,0.0842571883880539,0.1515316240188232,-0.0786011098099587,-0.0383445838348451,155.32913672493032,173.17837428570013,48.49405570918817,61.473367963484506,1.065922778606343,1.099788104135867,1.107140619890675,1.2098328766610535,18.96643724122093,45.44495412367223,56.4617326345103,57.6833048283031,0.0,0.0043318714758793,0.0880824241444982,0.0978682010361442,0.1386374112650372,0.1692886864699194,1.886003375053405,1.902425765991211,0.227375854331313,0.2778429561143378,0.1346322610580773,0.1544965483869704,0.6611165446116902,0.892665380805922,0.1072824897044257,0.2604673807205452,0.0,0.0834665203597242,5.212948965229631e-05,0.0085875814031153,
Batch_1,img_iv6g2oq0,1776,6956,0.052160556185858,0.7421717559278658,0.087861555129022,0.117806132757254,0.0020787841464235,0.0591259564622494,0.0995943843994621,6.084586224376371,px,109,8.823156106077326,13.215815737324824,38.58000813627967,157.85837305704794,178.69764347063418,1.8892850391069724,115.19562138967012,0.091743119266055,1.1170950812763945,1.0627843981819156,0.0582177963395333,1.1510569564813715,0.1081984195656398,1.0803541598013082,0.3632145568343912,0.7887118876327509,0.2017493148338472,0.0030511305241521,0.0064876670092497,0.0002587504704554,1.940028365307962,1.0866891633316962,0.4387586842815787,0.1281658219152532,-0.3786438199762995,-0.0791526813789555,2.0410245656967163,0.141257107257843,59.36604298609543,1.6136045068156533,0.1809602774824274,0.1830127930134899,4.294542084606342,4.624571683964841,49.551282337932285,0.0609841945163809,True,0.0003649508289527,58.875,0.0901628763130445,valley,0.6393484947478216,1.695000000000002,1.860000000000002,2.025000000000002,0.0021288090131534,0.585000000000001,valley,0.0,1.0,0.2416361427917908,-0.0047422201582376,0.0089020788327142,6.404460588904826,3,0.0497587713517561,0.0698173330971018,5.122103033717054,7.1824497555452185,0.0848977031948567,0.1543225855959467,-0.3943255750003836,-0.3700963690862117,157.85837305704794,175.5033189076384,36.99638510165959,49.74473890638464,1.1242336463825102,1.1892980527527188,1.0600287026521855,1.143925273543875,3.3420736856139728,39.04536281477582,47.48311143904175,52.45266481987116,0.0,0.0103702302262058,0.0899450646798713,0.0995943843994621,-0.079677106437116,-0.061699212340134,2.0231194496154785,2.047326683998108,0.0927607885509806,0.1641449796894583,0.1708037090364012,0.1886567503230783,0.6664354041837486,0.9137480034260052,0.0862519965739947,0.2252253208632788,0.0,0.1046567854514874,0.0,0.0124986860086197,
Batch_1,img_uhdslk0o,1876,6996,0.0582169402924119,0.7388637247479827,0.0881067737763034,0.1148125611833018,0.0023280893986329,0.0657679241023068,0.0995345956265296,6.766714169806005,px,101,7.695533603728478,11.941642642883693,37.0823233942262,169.6888691228323,206.2496865200085,1.909898057926009,128.5182486473946,0.0792079207920792,1.1373083004332516,0.9748205526792522,0.0573979548996326,1.095847611732013,0.1031743706611558,1.45248117895309,0.3718652607138699,0.7539404741453358,0.2259062016835595,0.0098565538567256,0.0102967703143789,0.0013875100175831,1.910883663217656,1.220984125137402,0.6879625062758914,0.5236991506506338,0.013910303331557,-0.2359136259199375,1.982742965221405,0.1356145441532135,58.76238706492184,1.6296811848900206,0.1207262077740498,0.1215124410069739,3.2606742212062163,12.773732180905364,43.952830163385066,0.0683472777902635,True,0.0464473105967044,59.125,0.0862576002358895,valley,0.6549695990564419,1.6350000000000018,1.815000000000002,1.995000000000002,0.0030709750682997,0.625000000000001,valley,0.0,1.0,0.2902109015882095,0.0421683267210662,0.0452468422406468,6.473617328371491,3,0.0567221061701007,0.0761550183624592,5.837642522613683,7.832904084798391,0.0817128520592333,0.1519017568369863,-0.0232846849665852,0.0596644381575816,169.6888691228323,193.2168810575537,37.0823233942262,51.039671908508026,1.0873892463580388,1.0958556873336884,1.0059305685952116,1.137308658517931,10.210380651182389,36.94829715774162,42.15661226657116,46.683922699007184,0.0,0.0145572323462414,0.0890472813336469,0.0995345956265296,-0.2359136259199375,-0.2202208136623901,1.9683537483215328,1.988281488418579,0.4392837143986,0.6174350714405832,0.1069145896246602,0.1307556115590508,0.5919523854750371,0.8984685665593638,0.101507763681121,0.241600456428028,0.0,0.1621342113316659,2.3669759515243324e-05,0.0163041757685123,
Batch_2,img_3806gxp0,2044,6996,0.0543285008263038,0.7458634455920576,0.0614264203531456,0.1383816332284929,0.0016830976381247,0.0630540189502613,0.0712919115028977,6.488030825710843,px,122,8.531573535450507,12.685972459756968,39.84959207851641,168.2969605973539,174.33732007913014,1.9553410381702827,159.75519859130046,0.0655737704918032,1.0743927655757215,1.053604648606658,0.0574368479682231,1.2170930740000785,0.1307694459608909,1.6996240373535731,0.2867266082932689,0.8040681935991706,0.1889722963503369,0.0036861404957091,0.0032733695547833,0.0002345740880932,1.853170233456944,1.3653535404512165,0.6251242442573126,-0.4963510063719614,-0.3615657197889438,-0.1487381720304212,2.190834283828736,0.1668558120727539,59.92107739479622,1.568032506001599,0.1115193000945367,0.1115211311050842,0.1641629202300236,8.469689324587328,50.26760510030456,0.0630763385834792,True,0.0445347130298614,51.375,0.1199606400128106,valley,0.5201574399487576,1.795000000000002,2.000000000000002,2.2050000000000027,0.000720638240023,0.635000000000001,valley,0.0,1.0,0.3901726105886605,0.0384778027832068,0.0175269290027625,6.820202031295549,3,0.0532801994878414,0.0741243253956362,5.4839970304261225,7.624516136781304,0.1018568480283393,0.1785812189017151,-0.4280383767214297,-0.3170163302493196,167.18538600167284,178.8878374428339,38.21153656909354,51.757842077100925,1.2170930740000785,1.2386885336368498,1.011937373787422,1.1039630819918156,6.225403445600057,30.45912653975364,49.93523259525439,51.825216174055846,0.0,0.0051781713657691,0.0624298493190616,0.0712919115028977,-0.2190525238825394,-0.1392525786395689,2.171142578125,2.1971888542175293,-0.5321474442517156,-0.477896056364213,0.1061137275288848,0.1141501664281843,0.6907653840030716,0.92311299617545,0.0768661615898456,0.2042206225938573,0.0,0.1073860071359673,2.0842234704405008e-05,0.0072764391335699,
Batch_2,img_avn74qx1,2044,6996,0.0403956720026763,0.7762631903721332,0.0658229779611273,0.117518159664063,0.0017038671245184,0.0457750745185859,0.0745884787114376,4.7126070650707526,px,112,7.832264229266039,12.163447523843889,39.139619884385205,124.2023684397825,158.89325640993562,1.80250117478604,119.12765928258024,0.0892857142857142,1.2856158598333254,1.058547142417342,0.0482200210643502,1.075120253553561,0.0999926928652818,1.3114247173275972,0.3101665695367427,0.758721608133949,0.2366260902010167,0.0024485798237022,0.002203721841332,0.0,2.258755232168805,1.2749382212501938,0.6233519609484437,0.1459758004647582,-0.3068818583869717,0.4449365937030213,2.1913466453552246,0.1455738544464111,69.09863088820416,1.564030806675711,0.1466577038884352,0.1490142626761275,5.1016053624682565,4.397118675463212,49.32603043108162,0.0465419929021616,True,0.0005723811918869,51.375,0.1239910208394189,valley,0.5040359166423243,1.765000000000002,1.9750000000000023,2.1850000000000023,0.0009791728905194,0.605000000000001,valley,0.0,1.0,0.2987912412381936,0.0092583299988844,0.0138737371872548,6.787490863400353,3,0.0385076147839851,0.0538968559247184,3.965303379829602,5.547362147773696,0.0870333788723553,0.1513782267530005,-0.3071147789043564,-0.2968801207002814,119.63995709802307,132.3287656701511,39.139619884385205,50.78959851813597,1.075120253553561,1.1055872841302226,1.1879961786008415,1.3133285618379895,3.0632928010630023,28.927628943529967,48.85985256147903,52.924406770727565,0.0,0.0044245524296675,0.0654128315927411,0.0745884787114376,0.4449365937030213,0.4580465272086504,2.17274010181427,2.1992233991622925,0.0709667365748467,0.2434682207810272,0.1427334540937296,0.1526989787052112,0.6464189492590929,0.901029040078403,0.0989709599215969,0.2506689117497809,0.0,0.0981814099685675,0.0,0.0075999101930848,
Batch_2,img_b3esycq1,2152,6996,0.072366365485535,0.7109023796922723,0.0924719196949504,0.1242593351272421,0.001885835984875,0.0826344697560088,0.1055928123520292,8.497644940831787,px,162,10.76026449527186,12.750761986984534,36.71136040686443,170.45393824514832,176.56159552206057,1.901217383353155,111.50000865714604,0.1481481481481481,1.2214520710936034,1.03571958873278,0.041633869931607,0.9903628917750086,0.0890770190897728,0.9411395621882735,0.2237100080812457,0.7656467981508329,0.2188842082227753,0.0114683918264627,0.0040006017999288,0.000840348633132,1.7028477256611996,0.988914763149802,0.4567784196910263,0.2877803989755358,-0.0173877788130961,0.516638518353058,1.8909159898757928,0.1255353689193725,52.58779602878194,1.6560381734526448,0.1494648576691404,0.1503959686523794,3.1894410427088102,23.6805004846242,56.95831994912788,0.0896037268881262,True,0.549843430519104,61.875,0.0796352132806672,valley,0.681459146877331,1.565000000000002,1.7300000000000022,1.8950000000000025,0.0073028321016151,0.615000000000001,valley,0.0001284823300087,0.9999357547078032,0.3119348915637286,0.0515361521691179,0.0386798297912136,6.473587589914995,3,0.0698926496223444,0.096761651784479,7.19018119687975,9.946060645048751,0.0915801461695583,0.1598126438687215,-0.0408779525469336,-0.0173877788130961,165.84956051718348,183.8835125166067,36.71136040686443,51.991225735433,0.9785387753778324,1.0033497981235209,1.1171314480424044,1.22145714879329,20.48342129627208,52.648263195563295,55.51900825846963,58.13821592421465,0.0,0.0054745358049848,0.0965223509508393,0.1055928123520292,0.5143004099578777,0.5436405115373626,1.8758224248886108,1.895677208900452,0.265945851701156,0.2977698147617328,0.1389799991801135,0.1575125585295414,0.6513204610006554,0.908464826253696,0.0911838754061887,0.2368677340924724,0.0,0.1070228861699803,0.0003512983401153,0.0089236945597552,
Batch_2,img_epqdaau9,2144,6996,0.0543290195676847,0.7333538941228677,0.1059433348907264,0.1063737514187211,0.0030167158418883,0.0607961322241121,0.1185544124950695,6.256139103543154,px,122,8.133645665326883,13.076473836159613,48.118022174896325,161.51164872389157,171.84736832604497,1.8161912754916527,134.88435369395006,0.0491803278688524,1.1175861731135934,1.017854214083023,0.0416640798520829,1.0738957249801822,0.0895789732685754,1.2825269684520275,0.1959736736892403,0.7193664102721524,0.2693370286887043,0.0073497811729829,0.0039467798661603,0.0001641861677982,2.013299907536516,1.1405698034446332,0.696158711501789,0.003267157902697,0.4152032695036917,-0.0471871863959508,2.253700017929077,0.1526939272880554,57.53627391751592,1.5908301983776811,0.1393094901974155,0.1397706326720866,2.32775200399018,29.69674955577589,48.09322569342992,0.0690862697283375,True,0.0020051877945661,50.625,0.096470822024608,valley,0.614116711901568,1.795000000000002,2.030000000000002,2.2650000000000023,0.008164513517319,0.625000000000001,valley,0.0,1.0,0.360046492292696,0.0276421306255622,0.0340253065717723,6.6424712322566215,3,0.0513486528161398,0.0715078470644796,5.285503478913177,7.355976841298823,0.0741368468549192,0.1437021181613374,0.3299970228100545,0.50812269704263,160.37948817851478,170.39447597496024,48.118022174896325,59.1580085615397,1.0738957249801822,1.0951019661096162,1.0689476474422912,1.1175861731135934,27.990464170523065,59.8838253787652,45.4841875504092,50.92693495378812,0.0,0.0070254455864803,0.1056543632325662,0.1185544124950695,-0.063151255811219,-0.0471871863959508,2.234580993652344,2.261479377746582,-0.0110525228505731,0.0177412783670982,0.1351582940331591,0.1410496679969704,0.5755599732652397,0.8804619881923613,0.1195380118076386,0.287331527085095,0.0,0.1459529399667529,0.0,0.0127247176569381,
Batch_2,img_i9jiqjwl,2268,6996,0.0502514412367661,0.7632667772866935,0.0806466759034893,0.105835105573051,0.0024532158966121,0.0561993000955056,0.0901921741796562,5.783930629438286,px,127,8.00406984893358,13.100670920996048,49.41733953585565,146.16449385557814,148.3035397276653,1.8960303222142727,118.2723955974541,0.1102362204724409,1.214231614063721,1.1664594730387496,0.0408663967748036,1.2426691084853765,0.0887101107957764,1.2928742524353247,0.1873055492825726,0.796019509125236,0.196043982938256,0.0039158100832109,0.0040206978532969,0.0002109542804541,2.091698249483496,1.2156148991755868,0.7802946175034321,-0.5180805360336972,-0.1797991300758859,-0.626788658607446,2.124600291252136,0.1410278081893921,60.555180528483845,1.606011913566886,0.1407157268460063,0.1412330755797364,-2.4528092879314096,16.053458015190582,51.3595458032604,0.0618253903923482,True,0.1567832678556442,53.625,0.0873661017865223,valley,0.6505355928539105,1.785000000000002,1.965000000000002,2.1450000000000022,0.0061108237208866,0.635000000000001,valley,0.0,1.0,0.320905546949998,-0.0116851010162607,0.0294993460611909,6.206531477705411,3,0.0476658452542421,0.0661243965099334,4.906977556609236,6.803315852196895,0.0753678973018595,0.1406483977238694,-0.2014172544232901,-0.1713112699611599,140.46128290070186,154.67336831371276,44.07906016767892,61.068147397225765,1.2224089870134167,1.2426691084853765,1.1308602569481276,1.214231614063721,14.042433316316536,46.05023823678163,49.9940164222363,54.127958020026085,0.0,0.006535567450159,0.0801929848107151,0.0901921741796562,-0.7165940483087136,-0.626788658607446,2.1067442893981934,2.1277663707733154,-0.5392194951997336,-0.5070796974288893,0.1353609215220429,0.1444867357048836,0.6870590467647617,0.911300534880644,0.0886994651193558,0.2163806457754584,0.0,0.1002570250642562,0.0,0.0111866277966569,
Batch_2,img_r17byphk,2076,6996,0.0366921064720715,0.722087201494716,0.0850347597471057,0.1561859322861067,0.0023122902049175,0.0434836391996637,0.1007742854743894,4.477017938597517,px,115,7.918094677828564,13.512291380385491,32.85889733292062,116.10417169291902,177.93004602888132,1.7794365756919168,145.3694807685056,0.0956521739130434,1.208022979702729,0.9866275127132034,0.0476242913854202,0.9564200932095211,0.0992583273791136,1.1116277241105272,0.1836977206003853,0.7654366137366397,0.2246065639525281,0.006972135054149,0.0029846872566831,5.2619116525033545e-05,2.489676209398694,1.361049949883207,0.7160220238071278,-0.5132079107796587,-0.1079503292610448,-1.1186604760867926,1.963195443153381,0.0991114377975463,55.27906391541368,1.6124221678338224,0.1728938217336604,0.1772460241604138,-6.361603753723873,17.376455465795967,62.12422078928235,0.0478348998257814,True,0.0594464614987373,58.875,0.1191345499020036,valley,0.5234618003919855,1.695000000000002,1.825000000000002,1.955000000000002,0.0042250264670921,0.615000000000001,valley,0.0,1.0,0.4086871288570269,-0.0085367441557656,0.029170467352112,6.267987611027111,3,0.0358924544178866,0.0523179256317909,3.6963075269503554,5.385112839333623,0.1175314465408805,0.198626988612265,-0.1493194547376113,-0.0514868258281592,109.8170219210225,130.76980657351166,32.85889733292062,46.85152052093316,0.9564161409545472,0.9620031027676657,1.1195845468285657,1.208024360880818,14.607965253911216,42.566958383900754,61.693077038365104,64.88957631605993,0.0,0.0052115824495737,0.0899215716127076,0.1007742854743894,-1.2157301211453924,-1.105305381605176,1.9496989250183103,1.967025637626648,-0.5537798699468187,-0.4951051059325017,0.1630739171826154,0.1776721037713046,0.6120023292191407,0.901185354751286,0.0987883332675533,0.238566346578623,0.0,0.1475857186897,2.631198116062149e-05,0.0094995604169758,
Batch_2,img_rxax5ozo,2064,6996,0.0500792811839323,0.7382058158371783,0.086882495977768,0.1248324070011213,0.0024806533966253,0.0572225041061324,0.0992752664436003,5.889050628789271,px,116,8.033383417323742,13.20725157509853,43.614326085525576,160.7969117512527,168.9745448009434,2.073146153704704,134.82641949580534,0.0862068965517241,1.16515524221406,0.963969425487396,0.037856645867985,1.025312169103321,0.0868392677609726,1.3847518485649115,0.2214820451789239,0.7906495615773548,0.1989191697522211,0.0036833302719477,0.0067479383984763,0.0002963558810766,2.021655959442819,1.247925246517814,0.8146461893680235,-0.1604205956413279,-0.0200764732380326,0.4325593736180168,2.262215614318848,0.1166374683380127,51.95447848683061,1.6277827198909511,0.12791212445959,0.1283019733512882,-2.2338250033371483,23.78542230187573,60.55254170855808,0.0578531028560449,True,0.9114311933517456,52.625,0.0862245153591982,valley,0.6551019385632069,1.8850000000000025,2.0800000000000023,2.275000000000002,0.0012880422256793,0.665000000000001,valley,0.0,1.0,0.3628395671887837,0.0203361358779307,0.0374681157782298,5.945166256902816,3,0.0478656559922204,0.0676963311424004,4.927516694185302,6.964708491731706,0.0897189036038312,0.1635824014608569,-0.0304424393648421,-0.0142702968222197,160.7969117512527,175.99431788882123,43.614326085525576,58.45403150577839,1.0114859512786494,1.0653883083643565,1.0848879713128807,1.1803692090130673,21.425494749323303,66.43729979831534,59.113263694576034,62.26184466988524,0.0,0.0101340933017152,0.089919351900733,0.0992752664436003,0.4321938331317659,0.4523214576462805,2.2473349571228027,2.265584945678711,-0.1791144541443509,-0.1394467972568104,0.1270497312266479,0.1304690522624214,0.6981837809173895,0.9178806987026163,0.0821193012973834,0.2202888031478015,0.0,0.0741827961062081,0.0,0.0107192909359493,
Batch_3,img_0grcilhi,1900,6996,0.0449465860190785,0.6923087629021095,0.0394059763473864,0.2233386747314254,0.0013768770124281,0.0578715387991487,0.0507376575417343,5.955726480652433,px,88,6.620324395895398,15.58712114396739,50.025506624102064,147.88289003582597,149.47510672688156,1.9793277956893287,155.28244016095812,0.0909090909090909,1.1399292258617848,1.042656227968039,0.0488680145624818,1.3591766197498991,0.1090135687532024,1.6221840534689056,0.3170646363289778,0.8893052010397396,0.0919490433927358,0.0172119054867339,0.0015338500807905,0.0,1.99055281522526,1.297230397747539,0.5133422894340802,-1.3736395441474143,0.2696865287528494,-0.2018233288575058,2.136513352394104,0.1411110162734985,58.196367489694175,1.6346558264378634,0.1628803508791818,0.1706252322156298,8.664629496791317,13.32333525260776,41.01301338937641,0.0581559331529908,True,0.442394495010376,55.375,0.0850371036003391,valley,0.6598515855986435,1.795000000000002,1.9800000000000024,2.1650000000000027,0.0010345761487767,0.685000000000001,valley,0.0,1.0,0.4009917750713238,0.00917980080611,0.042513692034546,6.555858247510919,3,0.0479397806787705,0.0692538858879465,4.935136125712161,7.124609261290755,0.1814099786344076,0.2676337606451807,0.1912362491022469,0.3733638995858791,138.34683287291347,158.8186465951637,43.01182463579279,59.28285026939112,1.3591766197498991,1.3904043540273456,1.0935927330931845,1.1473230141792414,11.348953480793046,24.770832715298585,40.5407631038515,44.26576458234542,0.0,0.0024324918809114,0.0443015109032907,0.0507376575417343,-0.2018233288575058,-0.1681051880357886,2.1185173988342285,2.142506122589112,-1.4342063479229947,-1.3170179596888183,0.1608186112771618,0.1676514879874423,0.6767728850847341,0.9626297749124522,0.0373702250875477,0.1002674713668472,0.0,0.230712820689102,0.0,0.0065999793750644,
Batch_3,img_71vgq3fw,2056,6996,0.0568312520995877,0.694163271174412,0.1115593012571942,0.1374461754688059,0.0026327579072421,0.0658871950750158,0.1293360461508912,6.778960700466048,px,126,8.759869452916954,13.110491243881508,45.0606810428157,154.03701802669332,155.40530133987247,1.991872242592717,145.8593927401628,0.0476190476190476,1.0801388588733212,0.9463801451240909,0.0414601260846482,0.9705342809531043,0.0909477479121363,1.0561611175663617,0.1944592783210391,0.7801568919170231,0.2071632656511521,0.0091886591489289,0.0034911832828957,0.0001211624135552,1.8582717997783345,1.165309903410546,0.6295294512407529,-0.3677594134370843,0.0722231139123642,0.1521920194678791,2.221652030944824,0.1139461994171142,51.16422604567974,1.6355015605138568,0.1047403031181605,0.1051107033583575,2.4057329147895965,25.322711658723247,58.12499518012028,0.0674483574748357,True,22.899547576904297,61.375,0.0993355605872977,valley,0.6026577576508091,1.8950000000000025,2.065000000000002,2.235000000000002,0.0020601683452245,0.645000000000001,valley,0.0,1.0,0.4712819424433191,0.0206596862626503,0.0006453103830315,5.967826495795935,3,0.0551024719073404,0.0784824640354551,5.671239381770075,8.071712375630662,0.0981950775651678,0.1808281080016819,0.0592398059517532,0.0856276156792047,148.14032804424076,161.87773052356786,45.0606810428157,53.66621641444638,0.9576993326505508,0.9705342809531043,1.0531968865689825,1.0801590023268353,20.930278109671303,54.912613464079705,56.13892634482962,61.00660141296036,0.0,0.0061452253093625,0.1176990838753316,0.1293360461508912,0.1501491360073106,0.1810256698165524,2.207164645195008,2.225179672241211,-0.4028484159423564,-0.3273900056826668,0.097775936723125,0.1144629655692161,0.585915516271063,0.9108244069163316,0.0891755930836685,0.2235138132603964,0.0,0.1897076836494852,0.0,0.0105521898897606,
Batch_3,img_9luzk4jm,2084,6996,0.0564954720492872,0.6767924144205244,0.0807373201467468,0.1859747933834414,0.0020914748103934,0.0694026076712132,0.0991828256551491,7.139876444395702,px,128,8.779351842401855,13.02619072170607,47.719560865437046,145.50351174385204,144.92096566890007,1.8678118020623653,119.44367271321956,0.125,1.260883177102816,1.0340770837058724,0.0427944519380211,1.177478298785934,0.0850557347776386,1.0703697674076218,0.1938869146314409,0.8270866750086079,0.1502473189616802,0.017450893119578,0.0052151129101337,0.0002206713927123,1.8611376979200085,1.2419036260636651,0.5408287517819774,-0.8815465938123108,0.3876732435017719,0.4430268429546921,1.893755555152893,0.1103019714355468,50.56347501733051,1.6445519823790495,0.1185385631183258,0.1230462750039722,7.778329003203981,39.09261428822912,97.68524777433908,0.0707029718203598,True,3.564536571502685,59.125,0.0802545035209472,valley,0.678981985916211,1.5450000000000017,1.725000000000002,1.905000000000002,0.0016562795960181,0.7,valley,0.0,1.0,0.3337776189120254,0.032520125308038,0.0240404031258882,6.453253152375552,3,0.0574137699972461,0.0833482162410512,5.9086998044908405,8.570853455690829,0.1422318100060468,0.2326757324448629,0.3150579393139964,0.4810976198937893,138.86065367169726,161.276795076222,44.071823440509945,60.97792806555529,1.1675212651511433,1.178929723299908,1.1219326686251196,1.260883177102816,32.7848304004791,91.75886165818,94.81693612357724,104.06722035233044,0.0,0.0074392925653862,0.0886325870426634,0.0991828256551491,0.430126835233212,0.5434855265974683,1.8790463209152224,1.8998280763626096,-0.9195562246800782,-0.8480836561693503,0.1164310082350086,0.1243936384910784,0.5940908222512024,0.9334172311921528,0.0665827688078471,0.1562063686981681,0.0,0.2506458231233751,0.0,0.007982456868983,
Batch_3,img_cfe5vt7s,2076,6996,0.0537992533030159,0.7245366468700529,0.0925034509122195,0.1291606489147115,0.002483458755953,0.061778619944044,0.1062233244248053,6.357047510360464,px,125,8.606624649813657,10.09253008808064,35.96680938658481,173.95151447935712,188.38863837808245,1.9671391908112816,142.59121222156296,0.096,1.1373912812519014,0.9898001626386996,0.0511379766999617,0.9363845565374465,0.0957311278225976,1.0440786222029297,0.1858371170686365,0.7873605334994412,0.2062363739625891,0.0035908616235824,0.0028122309143872,4.004444933876603e-05,1.7898781876757557,1.022683273293501,0.4925761185938883,0.3224759501209029,0.1890185124782929,-1.246669640607883,1.9954739809036253,0.1059521436691284,54.86290444147051,1.6413464285376729,0.152478063196458,0.1525806588037475,1.0506222959752296,24.470029333319683,64.15881478102624,0.066396970352012,True,0.3029065132141113,59.125,0.1082920948219539,valley,0.5668316207121842,1.725000000000002,1.8550000000000024,1.985000000000002,0.0047204237819353,0.585000000000001,valley,0.0,1.0,0.3861235284371821,-0.0237744151754357,0.030675456164877,6.308293889287459,3,0.0521307493435384,0.0731194185181961,5.36587773943517,7.521383792073764,0.092298613245554,0.1701669464852472,0.128609901300403,0.2560737168878855,173.95151447935712,182.60239081184025,35.96680938658481,46.2222452512381,0.9363845565374465,0.9459725542197008,1.081112492591317,1.144432173828021,22.699196361144217,46.61544414600574,63.71848255398525,65.81879226766381,0.0,0.0048527885730563,0.0953971804252536,0.1062233244248053,-1.3607874316421045,-1.246669640607883,1.982584536075592,1.9994215965271,0.2444864214880097,0.405056531304724,0.1438169537812489,0.1573711592906025,0.6334572898297807,0.9111763827351024,0.088694180315627,0.2262437243267914,0.0,0.1430007218105567,0.0001294369492706,0.0080038740212157,
Batch_3,img_hawkfj64,1900,6996,0.0389972465468989,0.7502032740513376,0.0568279618428575,0.1539715175589058,0.0013330173633053,0.0460944842357765,0.0671702702950243,4.745443854800424,px,118,8.877253167223376,12.073574553580304,42.21986435243953,112.438973617974,156.40165642809524,1.98232232871056,138.73522035397323,0.1271186440677966,1.038145419955504,1.020350051769099,0.0431607535293614,1.1828384554854927,0.0938629259466822,1.7417150275044526,0.285218237753468,0.8419094713681369,0.1444579283437865,0.0122942917739392,0.0013383085141373,0.0,1.9589812645935407,1.250477002599028,0.6340697550672879,0.6362518213832782,-0.2180508547866746,-1.1645527449084807,2.190953016281128,0.1139318943023681,57.53625689493708,1.6121260975649665,0.1769131508687013,0.1772891486572265,1.8661046169813416,14.468513620658722,54.89569697238328,0.047249231687458,True,1.6097474098205566,54.875,0.0797263683888771,valley,0.6810945264444914,1.835000000000002,2.015000000000002,2.195000000000002,0.0013298576630254,0.655000000000001,valley,0.0,1.0,0.4014753425664794,0.0029797782211427,0.0556490927146339,6.788181731511964,3,0.0375157468041314,0.0558888883058116,3.8632847895499256,5.752038814785224,0.1143638470103216,0.197183954741055,-0.2541933749890765,-0.2023554809264956,109.83927635250387,121.34562894697532,40.03758967297569,52.72079216169708,1.1392562448078971,1.1828759184596078,0.96453846399465,1.038145419955504,11.547762451205044,35.91489076306568,54.4139941017836,57.36814961335032,0.0,0.0026348651348651,0.0585980108237456,0.0671702702950243,-1.2437647945660828,-1.1570600266328444,2.1740792989730835,2.1975526809692383,0.6089619163828208,0.6629094398258656,0.171366699850817,0.182223234965564,0.639439025191316,0.9402217679489562,0.0597782320510437,0.1538080345344022,0.0,0.2106720968677811,0.0,0.0053097732672074,charging
Batch_3,img_hzumfsms,2084,6996,0.0452315636354857,0.6647048930620074,0.0784046875154324,0.2116588557870743,0.0020499786552008,0.0573756221751492,0.0994552778210138,5.904780811375906,px,113,7.750521548370388,13.283368521352482,50.78959851813597,133.07478737966977,135.80923401975863,1.883515762417244,115.60954928509848,0.0884955752212389,1.176054800447817,0.9703733822854204,0.0561087503874283,0.9225000701027004,0.0744366899757567,0.9830600716914016,0.1752402710380059,0.7690188401744192,0.2139121068058705,0.0128225046349522,0.0042465483847579,0.0001394602886827,1.905000514309208,1.0537346898242097,0.5003900579016823,0.4140113795654295,-0.2425061898903698,0.0330387056399541,1.8601953983306885,0.0949095487594604,53.30919867948573,1.6734061010335022,0.1522576917129146,0.156645518641783,6.796610732223427,23.29174886763584,88.75498469019337,0.058328661953554,True,2.0010225772857666,59.625,0.0847501706981422,valley,0.6609993172074311,1.565000000000002,1.7100000000000022,1.8550000000000024,0.0010688860868124,0.7,valley,0.0,1.0,0.3271403427383754,0.0209092248815946,0.0180281246536271,6.154317346309629,3,0.0474463429841687,0.0688586510961677,4.884413975512477,7.084035357113491,0.1685875614143097,0.2574158087593788,-0.2709579758172014,-0.2214717271404431,127.183661080157,142.99814546927894,49.86618925552436,58.266813800650326,0.9181205994598846,0.9338567802369944,1.1554389855986482,1.1760584725303371,19.89112045777397,58.93975509284286,85.71943275630726,94.51655020070709,0.0,0.0067108768350053,0.0883512391854601,0.0994552778210138,0.0057549024531762,0.0436253646464399,1.8486977815628047,1.864206433296204,0.3928226980080082,0.448590896750035,0.1432146828588744,0.1644135765530463,0.5638266850345404,0.9071961361815452,0.0928038638184547,0.2239719855832241,0.0,0.210741183923418,0.0,0.009331416102726,
Batch_3,img_kbdh4tri,2056,6996,0.0476698191073053,0.6861737140511643,0.1299680973897257,0.1361883694518046,0.0027505990082159,0.0551854332837043,0.1504588417121044,5.679763336750002,px,142,9.872233827890534,11.451797811161432,34.17810807654463,136.8882417884874,144.78032540706275,1.8912681854027724,106.64972673452088,0.1478873239436619,1.2286204216935157,0.9774029717240208,0.0419715987195934,0.8562033651298245,0.0959430586089145,0.6956470800874417,0.227065304144706,0.7350019755400575,0.2569488472953478,0.0044380737106155,0.0036111034539791,0.0,1.8121951175683748,0.8467755592885309,0.3721859143978832,0.5963672339472512,0.1779138066376984,0.0529288767603968,2.2614909410476685,0.1169232130050659,48.08537213372748,1.6452761136875027,0.1267054503445629,0.12677808283423,0.9697767024433368,22.22637062618861,67.70168582466317,0.0583533529879943,True,23.78203392028809,61.375,0.1016674403183299,valley,0.5933302387266801,1.9750000000000023,2.1150000000000024,2.2550000000000026,0.0035087448525338,0.625000000000001,valley,0.0,1.0,0.4936576890534215,-0.0027498259699803,0.000737428057834,6.0033027764512585,3,0.0455390145744179,0.0664178387680331,4.688338598873678,6.833445153478476,0.0966591804544231,0.1799206967627972,0.1540158776092812,0.2009985194104304,136.8882417884874,154.99163524754033,34.17810807654463,45.12105973967727,0.8344327366180943,0.8562033651298245,1.1309880261326783,1.2286204216935157,20.38164029953913,49.11583832618124,65.14446812085782,69.08265431964551,0.0,0.0062203671434939,0.1388459335272266,0.1504588417121044,0.0453016096994343,0.0561441077263765,2.245718479156494,2.2649658918380737,0.5298831267500849,0.6610314074554923,0.1176547459356587,0.1355477446762019,0.5981041295212838,0.8959410417046814,0.1039575857105204,0.2742182020895898,0.0,0.1279354185519348,0.0001013725847981,0.0099362966015894,
Batch_3,img_mgxahqnk,1900,6996,0.0624998495380819,0.7378673527730132,0.045304309229334,0.1543284884595709,0.0013594234299298,0.0739055870810116,0.0535719941030178,7.602067840619631,px,104,7.824019740603653,16.74402903094323,42.85659805331355,189.4521492018154,208.51824191940875,1.772842916825678,135.92600227865552,0.0769230769230769,1.195432122018652,0.9944893043520396,0.0512026485178805,1.2387754241229945,0.1125509035084418,1.159793515418147,0.317751184233394,0.8870487551343769,0.0932715694288857,0.0175704179155691,0.0021092575211682,0.0,1.946918779041812,1.366170767829522,0.539140055464781,0.0420591893357592,-0.0422694733593267,-0.1275212727158185,2.1699459552764893,0.1191779375076294,59.6227935640717,1.638708836184517,0.1660532125997845,0.1660534755853823,-0.0509858530105334,12.349943967846812,53.6397326761302,0.0755716304344345,True,1.669092059135437,55.375,0.0790722159470278,valley,0.6837111362118888,1.785000000000002,1.985000000000002,2.1850000000000023,0.0018889741506424,0.665000000000001,valley,0.0,1.0,0.3905593471219579,-0.0025786746162476,0.0528845806626342,6.656489436898541,3,0.063110304267881,0.0864052277025718,6.493811082693007,8.88437261856731,0.11358783966778,0.1988108994613463,-0.0572264980979728,-0.0265825988590133,184.2646980282783,202.0437666708113,38.7446696107059,55.123720022606726,1.2387754241229945,1.2693164549078682,1.132585806859025,1.195432122018652,9.655728886498116,37.62258311308945,53.293921109186144,56.18611631867493,0.0,0.0030487126421434,0.0459722625727647,0.0535719941030178,-0.1535046016366267,-0.1275212727158185,2.1575894355773926,2.174520969390869,0.0097228046833499,0.0763910116726852,0.1511717998156951,0.1736374737439511,0.6983016087926092,0.9591168121571724,0.0408831878428275,0.1020609613831473,0.0,0.2062858394393119,0.0,0.0039622491239248,charging
Batch_3,img_pl8uabbv,2268,6996,0.0513022432571698,0.7368694179490826,0.076333931810871,0.1354944069828766,0.002527710467962,0.0593428702735457,0.0882977882704791,6.106867628316378,px,172,10.8401575906817,13.63425735166143,41.38188976755077,129.41458920785158,139.755123756653,1.84617758870401,111.17435766788878,0.1162790697674418,1.1821539750139771,1.0982747861915003,0.0413603228927166,1.028898052907996,0.0991454693597634,1.087589762835246,0.1887550127008405,0.797913844286021,0.1871025532828451,0.0083135304002783,0.0066700720308555,0.0005036801143841,1.832780610134044,0.9995993575589316,0.5022175302357975,0.1367678278586661,-0.0641926032619786,-0.4938650071189561,2.1313360929489136,0.1415342092514038,58.762450981232575,1.6212146808761752,0.1242389884704874,0.1242993797622683,0.8930543673280698,19.287256037709657,59.5217832860383,0.060667936716413,True,0.0032490931916981,52.875,0.0883517111736664,valley,0.6465931553053343,1.755000000000002,1.945000000000002,2.1350000000000025,0.0018830992363487,0.625000000000001,valley,0.0,1.0,0.3097926507440179,0.0212391747309565,0.0408093488544222,6.470853836448006,3,0.0484390262637249,0.0716804251948965,4.986453713310257,7.373690540392713,0.0991005316214959,0.1760631925726265,-0.1153823368072025,-0.0418032253746296,125.46933599226963,144.53542153321789,41.38188976755077,53.45231087975248,1.028879268921351,1.0588039094456017,1.1021598192078643,1.1878933023471394,16.377532451777263,54.7858666549995,57.66622568930271,61.80014220101671,0.0,0.0100832069516743,0.0774896495510789,0.0882977882704791,-0.5738815943624763,-0.4938650071189561,2.110342502593994,2.138406634330749,0.0703366169181836,0.1990759389380535,0.1208006184815819,0.1296305416424305,0.6426331600991163,0.9249439850733178,0.0750480412716385,0.2051664365249581,0.0,0.1484843833373535,7.973655043735497e-06,0.0143996374507525,
Batch_3,img_ptg8lmto,1608,6996,0.0496115939740974,0.7206698070539242,0.0985049381451803,0.1312136608267979,0.003104830336596,0.057104482123086,0.1133822364644045,5.876925848754085,px,111,9.867045561216218,13.911592676604096,42.72967946463235,130.0331540572748,137.69000261858727,1.9765265004403687,105.51363605263307,0.1801801801801801,1.1423432993601577,0.998695409208001,0.0476075846378831,1.3243764427568587,0.1041826150198065,1.2711683564943068,0.2503834523643917,0.7765892764654221,0.1994280181052536,0.0143333258270092,0.0096493796023149,0.0010319404209819,1.8970582237320244,1.5065268529552454,0.4669615877708242,0.1164740522691574,-0.1343711409595348,0.0078796188216436,2.239596366882324,0.1340022683143615,49.31416494098238,1.6749214423241334,0.1599737642609531,0.1601239643289005,-1.2409334355811763,43.18152905615212,71.17356076506583,0.0574960523236831,True,4.386768341064453,56.375,0.0816847393116003,valley,0.6732610427535985,1.8150000000000024,2.0350000000000024,2.2550000000000026,0.0011604890072223,0.6950000000000011,valley,0.0,1.0,0.3889321741847378,0.0035649948894512,0.0242804879262919,5.868031779762606,3,0.0469903721714577,0.0685992944545269,4.837541798090946,7.057409855897963,0.0933340729172889,0.172567426589181,-0.164631981580655,-0.1145735545322156,126.89905649662671,142.58998704076242,38.92499271977894,54.00910020401517,1.303731828212339,1.3386636078595169,1.0524128777318689,1.142426018391629,36.84670643440305,115.76408682306511,63.50279269984703,73.9255419563388,0.0,0.0128068303094983,0.1023123658248014,0.1133822364644045,0.0078796188216436,0.0130248092655264,2.220556378364563,2.245140552520752,0.1122510905562728,0.1354938898521744,0.1528055692921303,0.1655868446323923,0.5863393013866948,0.9179697103800952,0.0816983822589369,0.2008764878822247,0.0,0.2002040547656661,0.0003319073609676,0.0134281200631911,
Batch_3,img_tuy3zymq,2056,6996,0.0407236597677828,0.6896399109663555,0.1103711570591755,0.1592652722066862,0.0026626526998195,0.0484381796320828,0.1312794076543834,4.986366689158073,px,126,8.759869452916954,13.303308110743536,34.7737339627472,130.17471719210718,142.28319915326998,1.8441344921139289,123.68766262662206,0.0952380952380952,1.1695060824962835,0.95632653048827,0.0432504264777726,1.0502904601572982,0.0830795474557508,0.9006317510628872,0.1888209949207164,0.773723859967503,0.2179514233260883,0.0059824009791301,0.0023423157272784,0.0001601812336243,2.002107179757502,1.2083706772144354,0.5451665772292186,-0.4042353428956414,-0.0054427029978582,-0.1266079867291646,2.2312843799591064,0.140209674835205,50.664098947737024,1.661454893641242,0.1503909459493037,0.1525112342569381,4.782540007350838,49.95219885277247,71.67407319590477,0.0508047670789733,True,23.5034122467041,61.625,0.1002576456162342,valley,0.5989694175350632,1.905000000000002,2.0800000000000023,2.2550000000000026,0.0032244662319546,0.6950000000000011,valley,0.0,1.0,0.5078725671992398,0.0005302619933362,0.0011678435481753,6.103594278868354,3,0.0391881291234984,0.0589741271507486,4.035294067269019,6.068990127629196,0.1163072200234486,0.2064313292976753,-0.0120518010457237,-0.0054427029978582,126.87129919091194,141.3142832902031,34.7737339627472,49.35821827898634,1.0385879306838637,1.0502904601572982,1.111451833551201,1.1887418893307196,44.80901962201423,86.10124472451612,68.10318314423824,72.76682888209517,0.0,0.0042406138347097,0.120290272542484,0.1312794076543834,-0.1350176200492522,-0.1265903936869742,2.210559606552124,2.2367334365844727,-0.4231993999928498,-0.3905860279256128,0.1430294532522534,0.1558919539843244,0.5941333997633431,0.9103171626950306,0.089671473539472,0.2319323691690352,0.0,0.1705486703618359,1.1363765497335196e-05,0.0082414730854663,
Batch_3,img_ufdvpb81,2084,6996,0.0444938923146651,0.7247528475278991,0.0927544009244657,0.1379988592329699,0.0019854367014219,0.0516169761388869,0.1076035709673546,5.313078887490926,px,116,7.956287607176682,13.4224749280195,44.63162551515987,144.65406175232368,148.4322642894639,1.726416056146316,138.412071338918,0.0603448275862069,1.0902543686875066,0.9475604360020708,0.053939354449583,0.9106142713395888,0.0968156593386298,1.0753608978826157,0.1866216721294185,0.7541796585003712,0.2360306854738926,0.0037812422667656,0.0060084137589705,0.0003141928494041,1.864017452134156,0.9954436393474118,0.6466915358352057,-0.4859348075626301,0.5252446361529018,0.5980417763544187,1.862807095050812,0.1204479932785034,59.17266751677632,1.6169431103196168,0.1025611772317014,0.1027202388500436,-1.5944774458323312,57.49908278943004,75.63795271785682,0.0583884687771106,True,2.7526705265045166,59.875,0.0743429966787622,valley,0.702628013284951,1.525000000000002,1.700000000000002,1.875000000000002,0.0066157217340536,0.605000000000001,valley,0.0,1.0,0.2404384463372773,0.0753307445920152,0.0131881640070717,6.44355762747999,3,0.0429038102537494,0.0617508910889769,4.417398744466939,6.3541996457574434,0.1024120994832254,0.1769409775149825,0.4115863518469295,0.6622095187523418,138.61555018115354,154.6368493628371,43.8907863036076,54.27669400152956,0.8927559996712956,0.9312938019907772,1.0407770175563902,1.0902846375654531,57.02968321987953,106.34191895882086,73.9239806518094,80.38493690894087,0.0,0.0091090893108298,0.0965457781232614,0.1076035709673546,0.5797469240045016,0.6883113851274516,1.8455387353897093,1.869795024394989,-0.496299077805207,-0.4533394626330311,0.1025611772317014,0.1048585484179336,0.6107757657053432,0.8940660325999936,0.1059339674000064,0.2506637452008014,0.0,0.1450927788955958,0.0,0.010215884680061,
Batch_3,img_utfgcjfa,2064,6992,0.0525272238039487,0.7235450703350895,0.0740426073874017,0.14988509847356,0.0023909523397725,0.0617883814407116,0.0870971762222414,6.358050054048102,px,143,9.908888120199386,13.02589005955982,34.44792091974742,151.98490053584086,197.2276383552872,1.874935785504641,109.9668647064841,0.1048951048951049,1.2381281278017056,0.9797721858072952,0.0401246840104955,1.2055967226589153,0.0819356325618321,1.3753398000364834,0.2031206025082265,0.8096124449240176,0.1784281989029763,0.0054851182447621,0.0064742379282438,0.0004720297278296,1.9950635970656247,1.4151512941275628,0.7328903997186481,-0.4058132639967556,0.2058513952362876,0.0508497171526018,2.2775328159332275,0.1049290895462036,59.108099738682,1.5835073694141406,0.1168935810308288,0.1172407585653519,2.205217148252117,17.413191283906254,66.45002524461225,0.064185103497002,True,1.2292457818984983,52.375,0.0871817705304202,valley,0.651272917878319,1.875000000000002,2.0800000000000023,2.285000000000003,0.0024541474863853,0.7,valley,0.0,1.0,0.3826110514581322,0.0412471722253651,0.0382844790502545,5.835085338810604,3,0.0516699975238955,0.0735025631997976,5.318527805650107,7.560706210410725,0.1117671303194791,0.1915013891845386,0.1597376339388539,0.2708881684474111,151.98490053584086,173.1427881281499,32.74207540070244,47.49926813405348,1.1953316340366582,1.213207450326164,1.1501113618915415,1.2381281278017056,14.856575166872254,56.10902781664522,65.75258826877901,68.2850206951089,0.0,0.0093143239730613,0.0781364122470675,0.0870971762222414,0.0491249265564302,0.0607053265598081,2.264070749282837,2.281630158424377,-0.4547431738690655,-0.3633591200159155,0.1094236707783158,0.1207093651052662,0.6918623351559987,0.925454055295398,0.0745359599812287,0.1925538309231693,0.0,0.1139238305529717,9.984723373238943e-06,0.0115792859440334,
Batch_3,img_vc2whyaq,2064,6996,0.0552209235842408,0.7387106031796685,0.0663467440974022,0.1397217291386883,0.0027120979430106,0.0641896063804489,0.0771224222959576,6.60464681817556,px,126,8.725916470541307,13.183194410659906,50.070023054084345,149.11542451880837,154.01445619946227,1.9229870740220951,117.5937731789014,0.1031746031746031,1.310332296356013,0.9869969444114796,0.0458479335416176,1.0184503680809252,0.0916025197673957,1.1759959277512293,0.1882408679067181,0.7989238467338405,0.1831345534306669,0.0056720817053944,0.012269518130098,0.0008539313327826,1.8981316633771628,0.9840654460598856,0.5548247556114092,0.1102530779331148,0.2032990361077032,-0.0063323876093504,2.1332935094833374,0.111459195613861,55.3251106238689,1.6537178790542832,0.181284859965486,0.1823020271391649,-3.027681533242462,13.017698049602696,67.23670996865788,0.0648819959237487,True,1.4509788751602173,55.875,0.113141868989351,valley,0.5474325240425959,1.725000000000002,1.9350000000000025,2.1450000000000022,0.0010698943139158,0.655000000000001,valley,0.0,1.0,0.4316634844110219,-0.0058512095561797,0.0460895982643459,6.178089729180421,3,0.0533675243059312,0.076396658312476,5.492970321849804,7.8576992254016576,0.1031962200991929,0.1795182102951409,0.1608386203873441,0.2605441292923857,147.37066291969495,162.15277720684517,46.78353104886104,59.10811543902653,1.0051814132520114,1.0283361810696934,1.2650835362482131,1.3168772960097623,10.56303891394596,56.61171588519886,65.94191865643785,67.97222564881653,0.0,0.0172792992656058,0.0682049203940697,0.0771224222959576,-0.0113882821904984,-0.0032544548661775,2.118060827255249,2.1392253637313843,0.0769251007015607,0.1413799162350811,0.1740789033476391,0.1866681353411052,0.6572795625427205,0.9225091588247972,0.0774908411752029,0.1953520164046479,0.0,0.13080997949419,0.0,0.0165584415584415,
Batch_3,img_x77cy643,2064,6992,0.0605074126798289,0.7262145109360865,0.0706496100748585,0.142628466309226,0.0028948504825004,0.0705731532972169,0.0824025609652904,7.260035074545759,px,141,9.77030227236443,12.412170838050638,54.303064237726375,142.75222910163708,139.43132577925667,1.6989553417865682,121.21301076143736,0.0709219858156028,1.1222230822876744,1.0280436853713693,0.0480403917107409,1.0572890141875837,0.0856289285078982,1.0948201508659696,0.230006085140865,0.8403487741748299,0.142716437739076,0.0045658265444022,0.0123689615416917,0.0009812463520475,1.7191508239759088,1.0051820345078768,0.5582043586711632,0.3799454006764531,0.3423236543399076,-0.06399604056522,2.244316339492798,0.1158756017684936,59.02188911239122,1.607501775393249,0.1176310865878262,0.1179970534085723,-2.2568631247647297,13.536231751281475,68.398439900324,0.0715529363709976,True,0.6994088888168335,52.625,0.0858724438649187,valley,0.656510224540325,1.785000000000002,2.0200000000000022,2.2550000000000026,0.0014008950428396,0.625000000000001,valley,0.0,1.0,0.3812495779846799,0.032491787308371,0.0469591909025597,6.171661131454421,3,0.0585611313763497,0.0843245616467321,6.026565944375356,8.670991343187875,0.1038205485116988,0.1853024442108811,0.3050785808468619,0.3812811859793917,139.97306643728334,154.03484273016517,54.303064237726375,64.23669044637614,1.0499709927271623,1.0572890141875837,1.073750091652438,1.153825536690597,12.411157895014808,59.73196265188934,66.89661029906844,72.29137484570295,0.0,0.0163414675278681,0.0734881432791786,0.0824025609652904,-0.0745855267601648,-0.0472915327433476,2.2288153171539307,2.250352621078491,0.3498937341546324,0.4051958510037102,0.1170438159192266,0.1203886024805187,0.7479785373727712,0.9369968155466644,0.0629786886584469,0.1498259953143836,0.0,0.10086388569208,2.449579488854413e-05,0.014784711849757,
Batch_3,img_x7u69zsw,2056,6996,0.0711573928848725,0.6778047711532771,0.1173961552237743,0.133641680738076,0.0026458977114215,0.0821339061480861,0.135505313002347,8.446300529493326,px,151,10.497938788813174,12.100518486599809,45.90437284765684,136.87383483059568,186.5412467997681,1.9226906215484,116.59765067267536,0.1059602649006622,1.1475403221167957,0.9511333509095962,0.0427582512116289,1.07581396094336,0.0873783406936712,0.9149446798972184,0.1940856391507527,0.7882626603846268,0.1959507511778824,0.0102379470767771,0.0055486413607135,0.0005444878611235,1.825134534971651,1.2387185113295476,0.5421262338311956,0.7696094223916757,0.1265931385752985,-0.6905636524994725,2.2236104011535645,0.1282813549041748,48.48091902854164,1.6622320423138122,0.1332093986531184,0.1332532843215086,0.735261713674663,41.953587256426886,61.858216389288685,0.0871696546420079,True,24.13780212402344,62.125,0.1062019079687373,valley,0.5751923681250508,1.8550000000000024,2.045000000000002,2.235000000000002,0.0060659315050512,0.625000000000001,valley,0.0,1.0,0.503717029211392,0.0052955003886802,0.0014093656630915,6.131038303505843,3,0.0694934160718605,0.0969259108431853,7.1491984023904775,9.962894179183884,0.0952859666335182,0.1762785377080399,0.0911381812759452,0.1668881719212537,134.56488086600757,150.08261413729127,40.06937815727916,56.294547289409735,1.033216833467395,1.0951046237290745,1.092403791206377,1.1644112739624777,38.85741077391931,72.32671543016372,60.32218323397313,63.69315503472462,0.0,0.0078160957327897,0.1248852043238544,0.135505313002347,-0.7169508046489046,-0.6905636524994725,2.208602905273437,2.227245569229126,0.7066372931042523,0.850024001990757,0.124453398163887,0.1444787944114,0.6338260651702946,0.9191600965920904,0.080807919272041,0.2166627243428639,0.0,0.1455646765802543,3.198413586860917e-05,0.0111491017346322,
Batch_3,img_xgj4xftb,1608,6996,0.0458575831534153,0.6916946499634475,0.0926030226227353,0.1698447442604018,0.0023579572122236,0.0552397673042015,0.1115490409564821,5.6853459198597225,px,70,6.222461164730948,12.381005602905557,33.87888356537519,165.4534934516669,198.80298968608145,1.9023308489058124,119.94038926357142,0.0571428571428571,1.3114192120100103,1.0110963428155042,0.0470720753113534,1.0870157637120883,0.0984537462068804,1.2252246792870167,0.3025891576179378,0.7879483191400897,0.1966675393073286,0.0117036512311933,0.0036804903213884,0.0001026623776606,2.272567409060485,1.39707164591356,0.5823280982465123,-1.1421410957452094,-0.4681206281616226,-0.2355499221412107,2.256112575531006,0.1050491333007812,49.85300236759055,1.6963498252088645,0.1473877453874187,0.1474010073517478,0.3842948750701441,18.02751813413249,74.21157431194358,0.0593521412827737,True,4.817988872528076,56.625,0.0819704719093387,valley,0.672118112362645,1.9350000000000025,2.0900000000000025,2.2450000000000028,0.0036452066426017,0.7,valley,0.0,1.0,0.4838516302869997,-0.0100123410690599,0.0729284893428796,6.202770149052211,3,0.0469001632882963,0.0650382474341565,4.828268489174824,6.691790305399234,0.1282159457145376,0.2150341239770274,-0.576105814767858,-0.3956741356421831,163.59161889498924,177.3372841691476,33.77606596515802,46.987204328101626,1.0870157637120883,1.100523095392988,1.2380813492836389,1.311437515788182,13.131605208290305,41.75358074390324,72.08494498454056,75.56943385018235,0.0,0.006392600904485,0.1015059463608457,0.1115490409564821,-0.2581831340234891,-0.2220273631636541,2.244684934616089,2.259382963180542,-1.154014954794729,-1.1360730646824844,0.1392583294291187,0.1544573976078535,0.5805801591001368,0.9201808742254228,0.0798191257745771,0.1966675393073286,0.0,0.2253567722822899,0.0,0.009037729890675,charging
