batch,image_id,si_fraction_of_solids,si_fraction_of_solids_pix_lo,si_fraction_of_solids_pix_hi,si_wt_pct_estimate,si_wt_pct_estimate_pix_lo,si_wt_pct_estimate_pix_hi,frac_pore,frac_pore_pix_lo,frac_pore_pix_hi,porosity_profile_rel_slope,porosity_profile_rel_slope_pix_lo,porosity_profile_rel_slope_pix_hi,si_ecd_d90,si_ecd_d90_pix_lo,si_ecd_d90_pix_hi,si_ecd_d50,si_ecd_d50_pix_lo,si_ecd_d50_pix_hi,si_dispersion_index_w512,si_dispersion_index_w512_pix_lo,si_dispersion_index_w512_pix_hi,si_clustering_index,si_clustering_index_pix_lo,si_clustering_index_pix_hi,si_crack_density,si_crack_density_pix_lo,si_crack_density_pix_hi,graphite_crack_density,graphite_crack_density_pix_lo,graphite_crack_density_pix_hi,si_debond_fraction,si_debond_fraction_pix_lo,si_debond_fraction_pix_hi,cbd_fraction_of_solids,cbd_fraction_of_solids_pix_lo,cbd_fraction_of_solids_pix_hi,cbd_profile_rel_slope,cbd_profile_rel_slope_pix_lo,cbd_profile_rel_slope_pix_hi,si_grey_median_n,si_grey_median_n_pix_lo,si_grey_median_n_pix_hi,si_profile_rel_slope,si_profile_rel_slope_pix_lo,si_profile_rel_slope_pix_hi,graphite_alignment,graphite_alignment_pix_lo,graphite_alignment_pix_hi,graphite_alignment_coherence,si_contact_graphite,si_contact_graphite_pix_lo,si_contact_graphite_pix_hi,si_contact_cbd,si_contact_cbd_pix_lo,si_contact_cbd_pix_hi,si_contact_pore,si_contact_pore_pix_lo,si_contact_pore_pix_hi,si_contact_gap,si_contact_gap_pix_lo,si_contact_gap_pix_hi,si_count,frac_si,frac_graphite,frac_cbd,frac_gap,trust_flags
Batch_1,img_4ih2ggld,0.1008118696801364,0.0842832298683573,0.1196010839036108,10.361083725624477,8.666752313233308,12.285044788700889,0.1313125158361904,0.1007815159985114,0.1645173574544907,-0.4240248574721517,-0.4575953605329895,-0.3726718191983668,108.80524475845613,108.80524475845613,139.48726025210442,15.512648837479231,15.5125945529388,24.10875947201862,1.199443065902954,1.046546593815886,1.2148180835009914,1.1594115704370538,1.0223679546729925,1.16348209221665,30.44477628387246,25.93929975317671,52.80648188731481,47.72676469231578,45.77556123796396,50.22216960088638,0.0049585783405291,0.0,0.0154883927373321,0.1365385079625666,0.1245492558195255,0.1365385079625666,0.2710561604897953,0.2710561604897953,0.2873658760267096,1.6493350267410278,1.637597739696503,1.6493462324142456,-0.5315505408862856,-0.5482545140607386,-0.507075347874323,0.1137260309567206,0.107289777815151,0.1185765123600211,0.1137343376394677,0.7024386654033319,0.5349297073058308,0.9341046461932964,0.1968180521953508,0.0646071188717259,0.2269083637628238,0.0846403635460457,0.0,0.2541737727587002,0.0161029188552715,0.0012882349349777,0.0182316118935837,411,0.0875740094462876,0.6625041817440397,0.1186092929734823,0.0027963866762211,low_si_contrast
Batch_1,img_5n1q8atc,0.1110356368809351,0.0956324373112541,0.1282315929498651,11.408244634358864,9.830332295986324,13.168036317789795,0.0673516972624989,0.0484306034491286,0.0891538244295801,0.077486464092164,0.0202244736307203,0.0858715390465529,111.53451434388128,111.53451434388128,141.33060449920367,15.450954346703211,15.388984500768704,24.4754061384805,0.947890474195432,0.9478666643327842,1.0420514732338275,1.1655972280602314,1.024570752888168,1.1655972280602314,32.09529245163617,26.563997834117004,57.53761250138287,50.61902325447909,46.75016914997586,52.67035135547029,0.003646346416916,0.0,0.0146077217062744,0.163694987622101,0.1539823186649083,0.163694987622101,-0.5415581453830534,-0.5597974094675867,-0.5415581453830534,1.6643307209014893,1.653008222579956,1.6643472909927368,0.6176544466942423,0.5566315472186393,0.6803434767103419,0.0710560308258958,0.0677321967657725,0.0731202892199492,0.0719701207610405,0.6850899136262802,0.5637295691576737,0.9059774135686226,0.2746152228853885,0.0931843962516135,0.3091632391060813,0.0265428629047829,0.0,0.1360087263571339,0.0137520005835482,0.0008381901797638,0.0160107283327745,398,0.1035571982803816,0.6764212520847306,0.1526698523723887,0.0025396989085211,low_si_contrast
Batch_1,img_f1vzngrs,0.0678851625054818,0.0584190757621989,0.078427796743303,6.9840950062237575,6.011973308804351,8.066103614934523,0.056399699081778,0.035776773828115,0.081299788578548,0.3934019625966399,0.2580344275476046,0.5424630532952042,167.64480301814547,160.2933997791412,176.52561524163593,47.66556054146818,46.04284789176323,57.66889708368147,0.9701767952709448,0.9654289179954232,0.9719681394214464,1.072926710282387,1.0294374915819522,1.072926710282387,18.69256148458072,18.27428710751412,35.99408919686916,41.149715048211085,39.411501804894925,43.14658307194684,3.3354735955571495e-05,0.0,0.006897068745783,0.1539700430869877,0.1417007027734595,0.1539700430869877,-0.3410491592635051,-0.3451326179676693,-0.3195141397787252,2.299625873565674,2.2812864780426025,2.3078534603118896,0.8486783292286626,0.7631245520728724,0.9340936201561928,0.1536631640173966,0.1435863010964594,0.157432999831312,0.1567073397784146,0.6412864915374298,0.5544471907625337,0.8355940698106802,0.3551717381802836,0.1644059301893198,0.3870473568526453,0.0001883920362918,0.0,0.0484893201018187,0.0033533782459947,0.0,0.0120780610174493,138,0.064056459768055,0.7342576621608936,0.1452861789892731,0.002392158525554,
Batch_1,img_ffwubibz,0.0483717782152191,0.0404576719689435,0.0571998282521191,4.979541360718612,4.165858276031768,5.8867210718337954,0.0897418949005817,0.0627114475543966,0.1207554192817035,-0.1514589990902583,-0.1632919387361926,-0.145277484536656,145.54047702273908,138.69452421946082,154.91863393104154,52.49085991681687,48.66441773213158,62.48852300153263,1.0974444874326406,1.0526422106847777,1.0974444874326406,1.2288319418162843,1.133047610844889,1.2499971700894297,9.789050649736508,8.715451405911255,44.32974871138431,44.21534455020233,42.50707027736129,47.56461050122996,0.0001649348507339,0.0,0.0070828874350459,0.0815433100217302,0.0717406841927501,0.0815433100217302,-0.5026296209277092,-0.5597769153234724,-0.4976963197348588,1.9738891124725344,1.959015727043152,1.9790476560592647,-1.2448622413839878,-1.2506753031972473,-1.2340272475324363,0.1584678202952141,0.1461254725467275,0.1603330729612655,0.1635351977531118,0.7942366328543813,0.6818568536754711,0.9146767151656188,0.1987484804400247,0.0853126100833698,0.2155507094730048,0.0028497977241475,0.0,0.093272963748912,0.0041650889814464,1.067475101143266e-05,0.0093194731026119,113,0.0440308031784746,0.792001843057029,0.0742254588639145,0.0022021942623971,
Batch_1,img_fzrt2k6r,0.0638598942095365,0.0536927642806737,0.0753124465712605,6.570788787364429,5.526390784759276,7.746443274088458,0.1160262050964863,0.0842571883880539,0.1515316240188232,-0.0570942605871294,-0.0786011098099587,-0.0383445838348451,162.3476351515236,155.32913672493032,173.17837428570013,49.507435033691536,48.49405570918817,61.473367963484506,1.0835122386346492,1.065922778606343,1.099788104135867,1.2098328766610535,1.107140619890675,1.2098328766610535,20.261588640332093,18.96643724122093,45.44495412367223,56.77917986784392,56.4617326345103,57.6833048283031,0.0002139819363582,0.0,0.0043318714758793,0.0978682010361442,0.0880824241444982,0.0978682010361442,0.1386374112650372,0.1386374112650372,0.1692886864699194,1.8996943831443789,1.886003375053405,1.902425765991211,0.2554025550465788,0.227375854331313,0.2778429561143378,0.1465886455147668,0.1346322610580773,0.1544965483869704,0.1470931893229481,0.7507148511332612,0.6611165446116902,0.892665380805922,0.2424839663333387,0.1072824897044257,0.2604673807205452,0.0039175457585499,0.0,0.0834665203597242,0.0028836367748501,5.212948965229631e-05,0.0085875814031153,133,0.0564504730265409,0.7410103968066724,0.0865129250703004,0.0023002390107145,
Batch_1,img_iv6g2oq0,0.0591259564622494,0.0497587713517561,0.0698173330971018,6.084586224376371,5.122103033717054,7.1824497555452185,0.117806132757254,0.0848977031948567,0.1543225855959467,-0.3786438199762995,-0.3943255750003836,-0.3700963690862117,157.85837305704794,157.85837305704794,175.5033189076384,38.58000813627967,36.99638510165959,49.74473890638464,1.1510569564813715,1.1242336463825102,1.1892980527527188,1.1170950812763945,1.0600287026521855,1.143925273543875,4.624571683964841,3.3420736856139728,39.04536281477582,49.551282337932285,47.48311143904175,52.45266481987116,0.0002587504704554,0.0,0.0103702302262058,0.0995943843994621,0.0899450646798713,0.0995943843994621,-0.0791526813789555,-0.079677106437116,-0.061699212340134,2.0410245656967163,2.0231194496154785,2.047326683998108,0.1281658219152532,0.0927607885509806,0.1641449796894583,0.1809602774824274,0.1708037090364012,0.1886567503230783,0.1830127930134899,0.7887118876327509,0.6664354041837486,0.9137480034260052,0.2017493148338472,0.0862519965739947,0.2252253208632788,0.0030511305241521,0.0,0.1046567854514874,0.0064876670092497,0.0,0.0124986860086197,109,0.052160556185858,0.7421717559278658,0.087861555129022,0.0020787841464235,
Batch_1,img_uhdslk0o,0.0657679241023068,0.0567221061701007,0.0761550183624592,6.766714169806005,5.837642522613683,7.832904084798391,0.1148125611833018,0.0817128520592333,0.1519017568369863,0.013910303331557,-0.0232846849665852,0.0596644381575816,169.6888691228323,169.6888691228323,193.2168810575537,37.0823233942262,37.0823233942262,51.039671908508026,1.095847611732013,1.0873892463580388,1.0958556873336884,1.1373083004332516,1.0059305685952116,1.137308658517931,12.773732180905364,10.210380651182389,36.94829715774162,43.952830163385066,42.15661226657116,46.683922699007184,0.0013875100175831,0.0,0.0145572323462414,0.0995345956265296,0.0890472813336469,0.0995345956265296,-0.2359136259199375,-0.2359136259199375,-0.2202208136623901,1.982742965221405,1.9683537483215328,1.988281488418579,0.5236991506506338,0.4392837143986,0.6174350714405832,0.1207262077740498,0.1069145896246602,0.1307556115590508,0.1215124410069739,0.7539404741453358,0.5919523854750371,0.8984685665593638,0.2259062016835595,0.101507763681121,0.241600456428028,0.0098565538567256,0.0,0.1621342113316659,0.0102967703143789,2.3669759515243324e-05,0.0163041757685123,101,0.0582169402924119,0.7388637247479827,0.0881067737763034,0.0023280893986329,
Batch_2,img_3806gxp0,0.0630540189502613,0.0532801994878414,0.0741243253956362,6.488030825710843,5.4839970304261225,7.624516136781304,0.1383816332284929,0.1018568480283393,0.1785812189017151,-0.3615657197889438,-0.4280383767214297,-0.3170163302493196,168.2969605973539,167.18538600167284,178.8878374428339,39.84959207851641,38.21153656909354,51.757842077100925,1.2170930740000785,1.2170930740000785,1.2386885336368498,1.0743927655757215,1.011937373787422,1.1039630819918156,8.469689324587328,6.225403445600057,30.45912653975364,50.26760510030456,49.93523259525439,51.825216174055846,0.0002345740880932,0.0,0.0051781713657691,0.0712919115028977,0.0624298493190616,0.0712919115028977,-0.1487381720304212,-0.2190525238825394,-0.1392525786395689,2.190834283828736,2.171142578125,2.1971888542175293,-0.4963510063719614,-0.5321474442517156,-0.477896056364213,0.1115193000945367,0.1061137275288848,0.1141501664281843,0.1115211311050842,0.8040681935991706,0.6907653840030716,0.92311299617545,0.1889722963503369,0.0768661615898456,0.2042206225938573,0.0036861404957091,0.0,0.1073860071359673,0.0032733695547833,2.0842234704405008e-05,0.0072764391335699,122,0.0543285008263038,0.7458634455920576,0.0614264203531456,0.0016830976381247,
Batch_2,img_avn74qx1,0.0457750745185859,0.0385076147839851,0.0538968559247184,4.7126070650707526,3.965303379829602,5.547362147773696,0.117518159664063,0.0870333788723553,0.1513782267530005,-0.3068818583869717,-0.3071147789043564,-0.2968801207002814,124.2023684397825,119.63995709802307,132.3287656701511,39.139619884385205,39.139619884385205,50.78959851813597,1.075120253553561,1.075120253553561,1.1055872841302226,1.2856158598333254,1.1879961786008415,1.3133285618379895,4.397118675463212,3.0632928010630023,28.927628943529967,49.32603043108162,48.85985256147903,52.924406770727565,0.0,0.0,0.0044245524296675,0.0745884787114376,0.0654128315927411,0.0745884787114376,0.4449365937030213,0.4449365937030213,0.4580465272086504,2.1913466453552246,2.17274010181427,2.1992233991622925,0.1459758004647582,0.0709667365748467,0.2434682207810272,0.1466577038884352,0.1427334540937296,0.1526989787052112,0.1490142626761275,0.758721608133949,0.6464189492590929,0.901029040078403,0.2366260902010167,0.0989709599215969,0.2506689117497809,0.0024485798237022,0.0,0.0981814099685675,0.002203721841332,0.0,0.0075999101930848,112,0.0403956720026763,0.7762631903721332,0.0658229779611273,0.0017038671245184,
Batch_2,img_b3esycq1,0.0826344697560088,0.0698926496223444,0.096761651784479,8.497644940831787,7.19018119687975,9.946060645048751,0.1242593351272421,0.0915801461695583,0.1598126438687215,-0.0173877788130961,-0.0408779525469336,-0.0173877788130961,170.45393824514832,165.84956051718348,183.8835125166067,36.71136040686443,36.71136040686443,51.991225735433,0.9903628917750086,0.9785387753778324,1.0033497981235209,1.2214520710936034,1.1171314480424044,1.22145714879329,23.6805004846242,20.48342129627208,52.648263195563295,56.95831994912788,55.51900825846963,58.13821592421465,0.000840348633132,0.0,0.0054745358049848,0.1055928123520292,0.0965223509508393,0.1055928123520292,0.516638518353058,0.5143004099578777,0.5436405115373626,1.8909159898757928,1.8758224248886108,1.895677208900452,0.2877803989755358,0.265945851701156,0.2977698147617328,0.1494648576691404,0.1389799991801135,0.1575125585295414,0.1503959686523794,0.7656467981508329,0.6513204610006554,0.908464826253696,0.2188842082227753,0.0911838754061887,0.2368677340924724,0.0114683918264627,0.0,0.1070228861699803,0.0040006017999288,0.0003512983401153,0.0089236945597552,162,0.072366365485535,0.7109023796922723,0.0924719196949504,0.001885835984875,
Batch_2,img_epqdaau9,0.0607961322241121,0.0513486528161398,0.0715078470644796,6.256139103543154,5.285503478913177,7.355976841298823,0.1063737514187211,0.0741368468549192,0.1437021181613374,0.4152032695036917,0.3299970228100545,0.50812269704263,161.51164872389157,160.37948817851478,170.39447597496024,48.118022174896325,48.118022174896325,59.1580085615397,1.0738957249801822,1.0738957249801822,1.0951019661096162,1.1175861731135934,1.0689476474422912,1.1175861731135934,29.69674955577589,27.990464170523065,59.8838253787652,48.09322569342992,45.4841875504092,50.92693495378812,0.0001641861677982,0.0,0.0070254455864803,0.1185544124950695,0.1056543632325662,0.1185544124950695,-0.0471871863959508,-0.063151255811219,-0.0471871863959508,2.253700017929077,2.234580993652344,2.261479377746582,0.003267157902697,-0.0110525228505731,0.0177412783670982,0.1393094901974155,0.1351582940331591,0.1410496679969704,0.1397706326720866,0.7193664102721524,0.5755599732652397,0.8804619881923613,0.2693370286887043,0.1195380118076386,0.287331527085095,0.0073497811729829,0.0,0.1459529399667529,0.0039467798661603,0.0,0.0127247176569381,122,0.0543290195676847,0.7333538941228677,0.1059433348907264,0.0030167158418883,
Batch_2,img_i9jiqjwl,0.0561993000955056,0.0476658452542421,0.0661243965099334,5.783930629438286,4.906977556609236,6.803315852196895,0.105835105573051,0.0753678973018595,0.1406483977238694,-0.1797991300758859,-0.2014172544232901,-0.1713112699611599,146.16449385557814,140.46128290070186,154.67336831371276,49.41733953585565,44.07906016767892,61.068147397225765,1.2426691084853765,1.2224089870134167,1.2426691084853765,1.214231614063721,1.1308602569481276,1.214231614063721,16.053458015190582,14.042433316316536,46.05023823678163,51.3595458032604,49.9940164222363,54.127958020026085,0.0002109542804541,0.0,0.006535567450159,0.0901921741796562,0.0801929848107151,0.0901921741796562,-0.626788658607446,-0.7165940483087136,-0.626788658607446,2.124600291252136,2.1067442893981934,2.1277663707733154,-0.5180805360336972,-0.5392194951997336,-0.5070796974288893,0.1407157268460063,0.1353609215220429,0.1444867357048836,0.1412330755797364,0.796019509125236,0.6870590467647617,0.911300534880644,0.196043982938256,0.0886994651193558,0.2163806457754584,0.0039158100832109,0.0,0.1002570250642562,0.0040206978532969,0.0,0.0111866277966569,127,0.0502514412367661,0.7632667772866935,0.0806466759034893,0.0024532158966121,
Batch_2,img_r17byphk,0.0434836391996637,0.0358924544178866,0.0523179256317909,4.477017938597517,3.6963075269503554,5.385112839333623,0.1561859322861067,0.1175314465408805,0.198626988612265,-0.1079503292610448,-0.1493194547376113,-0.0514868258281592,116.10417169291902,109.8170219210225,130.76980657351166,32.85889733292062,32.85889733292062,46.85152052093316,0.9564200932095211,0.9564161409545472,0.9620031027676657,1.208022979702729,1.1195845468285657,1.208024360880818,17.376455465795967,14.607965253911216,42.566958383900754,62.12422078928235,61.693077038365104,64.88957631605993,5.2619116525033545e-05,0.0,0.0052115824495737,0.1007742854743894,0.0899215716127076,0.1007742854743894,-1.1186604760867926,-1.2157301211453924,-1.105305381605176,1.963195443153381,1.9496989250183103,1.967025637626648,-0.5132079107796587,-0.5537798699468187,-0.4951051059325017,0.1728938217336604,0.1630739171826154,0.1776721037713046,0.1772460241604138,0.7654366137366397,0.6120023292191407,0.901185354751286,0.2246065639525281,0.0987883332675533,0.238566346578623,0.006972135054149,0.0,0.1475857186897,0.0029846872566831,2.631198116062149e-05,0.0094995604169758,115,0.0366921064720715,0.722087201494716,0.0850347597471057,0.0023122902049175,
Batch_2,img_rxax5ozo,0.0572225041061324,0.0478656559922204,0.0676963311424004,5.889050628789271,4.927516694185302,6.964708491731706,0.1248324070011213,0.0897189036038312,0.1635824014608569,-0.0200764732380326,-0.0304424393648421,-0.0142702968222197,160.7969117512527,160.7969117512527,175.99431788882123,43.614326085525576,43.614326085525576,58.45403150577839,1.025312169103321,1.0114859512786494,1.0653883083643565,1.16515524221406,1.0848879713128807,1.1803692090130673,23.78542230187573,21.425494749323303,66.43729979831534,60.55254170855808,59.113263694576034,62.26184466988524,0.0002963558810766,0.0,0.0101340933017152,0.0992752664436003,0.089919351900733,0.0992752664436003,0.4325593736180168,0.4321938331317659,0.4523214576462805,2.262215614318848,2.2473349571228027,2.265584945678711,-0.1604205956413279,-0.1791144541443509,-0.1394467972568104,0.12791212445959,0.1270497312266479,0.1304690522624214,0.1283019733512882,0.7906495615773548,0.6981837809173895,0.9178806987026163,0.1989191697522211,0.0821193012973834,0.2202888031478015,0.0036833302719477,0.0,0.0741827961062081,0.0067479383984763,0.0,0.0107192909359493,116,0.0500792811839323,0.7382058158371783,0.086882495977768,0.0024806533966253,
Batch_3,img_0grcilhi,0.0578715387991487,0.0479397806787705,0.0692538858879465,5.955726480652433,4.935136125712161,7.124609261290755,0.2233386747314254,0.1814099786344076,0.2676337606451807,0.2696865287528494,0.1912362491022469,0.3733638995858791,147.88289003582597,138.34683287291347,158.8186465951637,50.025506624102064,43.01182463579279,59.28285026939112,1.3591766197498991,1.3591766197498991,1.3904043540273456,1.1399292258617848,1.0935927330931845,1.1473230141792414,13.32333525260776,11.348953480793046,24.770832715298585,41.01301338937641,40.5407631038515,44.26576458234542,0.0,0.0,0.0024324918809114,0.0507376575417343,0.0443015109032907,0.0507376575417343,-0.2018233288575058,-0.2018233288575058,-0.1681051880357886,2.136513352394104,2.1185173988342285,2.142506122589112,-1.3736395441474143,-1.4342063479229947,-1.3170179596888183,0.1628803508791818,0.1608186112771618,0.1676514879874423,0.1706252322156298,0.8893052010397396,0.6767728850847341,0.9626297749124522,0.0919490433927358,0.0373702250875477,0.1002674713668472,0.0172119054867339,0.0,0.230712820689102,0.0015338500807905,0.0,0.0065999793750644,88,0.0449465860190785,0.6923087629021095,0.0394059763473864,0.0013768770124281,
Batch_3,img_71vgq3fw,0.0658871950750158,0.0551024719073404,0.0784824640354551,6.778960700466048,5.671239381770075,8.071712375630662,0.1374461754688059,0.0981950775651678,0.1808281080016819,0.0722231139123642,0.0592398059517532,0.0856276156792047,154.03701802669332,148.14032804424076,161.87773052356786,45.0606810428157,45.0606810428157,53.66621641444638,0.9705342809531043,0.9576993326505508,0.9705342809531043,1.0801388588733212,1.0531968865689825,1.0801590023268353,25.322711658723247,20.930278109671303,54.912613464079705,58.12499518012028,56.13892634482962,61.00660141296036,0.0001211624135552,0.0,0.0061452253093625,0.1293360461508912,0.1176990838753316,0.1293360461508912,0.1521920194678791,0.1501491360073106,0.1810256698165524,2.221652030944824,2.207164645195008,2.225179672241211,-0.3677594134370843,-0.4028484159423564,-0.3273900056826668,0.1047403031181605,0.097775936723125,0.1144629655692161,0.1051107033583575,0.7801568919170231,0.585915516271063,0.9108244069163316,0.2071632656511521,0.0891755930836685,0.2235138132603964,0.0091886591489289,0.0,0.1897076836494852,0.0034911832828957,0.0,0.0105521898897606,126,0.0568312520995877,0.694163271174412,0.1115593012571942,0.0026327579072421,
Batch_3,img_9luzk4jm,0.0694026076712132,0.0574137699972461,0.0833482162410512,7.139876444395702,5.9086998044908405,8.570853455690829,0.1859747933834414,0.1422318100060468,0.2326757324448629,0.3876732435017719,0.3150579393139964,0.4810976198937893,145.50351174385204,138.86065367169726,161.276795076222,47.719560865437046,44.071823440509945,60.97792806555529,1.177478298785934,1.1675212651511433,1.178929723299908,1.260883177102816,1.1219326686251196,1.260883177102816,39.09261428822912,32.7848304004791,91.75886165818,97.68524777433908,94.81693612357724,104.06722035233044,0.0002206713927123,0.0,0.0074392925653862,0.0991828256551491,0.0886325870426634,0.0991828256551491,0.4430268429546921,0.430126835233212,0.5434855265974683,1.893755555152893,1.8790463209152224,1.8998280763626096,-0.8815465938123108,-0.9195562246800782,-0.8480836561693503,0.1185385631183258,0.1164310082350086,0.1243936384910784,0.1230462750039722,0.8270866750086079,0.5940908222512024,0.9334172311921528,0.1502473189616802,0.0665827688078471,0.1562063686981681,0.017450893119578,0.0,0.2506458231233751,0.0052151129101337,0.0,0.007982456868983,128,0.0564954720492872,0.6767924144205244,0.0807373201467468,0.0020914748103934,
Batch_3,img_cfe5vt7s,0.061778619944044,0.0521307493435384,0.0731194185181961,6.357047510360464,5.36587773943517,7.521383792073764,0.1291606489147115,0.092298613245554,0.1701669464852472,0.1890185124782929,0.128609901300403,0.2560737168878855,173.95151447935712,173.95151447935712,182.60239081184025,35.96680938658481,35.96680938658481,46.2222452512381,0.9363845565374465,0.9363845565374465,0.9459725542197008,1.1373912812519014,1.081112492591317,1.144432173828021,24.470029333319683,22.699196361144217,46.61544414600574,64.15881478102624,63.71848255398525,65.81879226766381,4.004444933876603e-05,0.0,0.0048527885730563,0.1062233244248053,0.0953971804252536,0.1062233244248053,-1.246669640607883,-1.3607874316421045,-1.246669640607883,1.9954739809036253,1.982584536075592,1.9994215965271,0.3224759501209029,0.2444864214880097,0.405056531304724,0.152478063196458,0.1438169537812489,0.1573711592906025,0.1525806588037475,0.7873605334994412,0.6334572898297807,0.9111763827351024,0.2062363739625891,0.088694180315627,0.2262437243267914,0.0035908616235824,0.0,0.1430007218105567,0.0028122309143872,0.0001294369492706,0.0080038740212157,125,0.0537992533030159,0.7245366468700529,0.0925034509122195,0.002483458755953,
Batch_3,img_hawkfj64,0.0460944842357765,0.0375157468041314,0.0558888883058116,4.745443854800424,3.8632847895499256,5.752038814785224,0.1539715175589058,0.1143638470103216,0.197183954741055,-0.2180508547866746,-0.2541933749890765,-0.2023554809264956,112.438973617974,109.83927635250387,121.34562894697532,42.21986435243953,40.03758967297569,52.72079216169708,1.1828384554854927,1.1392562448078971,1.1828759184596078,1.038145419955504,0.96453846399465,1.038145419955504,14.468513620658722,11.547762451205044,35.91489076306568,54.89569697238328,54.4139941017836,57.36814961335032,0.0,0.0,0.0026348651348651,0.0671702702950243,0.0585980108237456,0.0671702702950243,-1.1645527449084807,-1.2437647945660828,-1.1570600266328444,2.190953016281128,2.1740792989730835,2.1975526809692383,0.6362518213832782,0.6089619163828208,0.6629094398258656,0.1769131508687013,0.171366699850817,0.182223234965564,0.1772891486572265,0.8419094713681369,0.639439025191316,0.9402217679489562,0.1444579283437865,0.0597782320510437,0.1538080345344022,0.0122942917739392,0.0,0.2106720968677811,0.0013383085141373,0.0,0.0053097732672074,118,0.0389972465468989,0.7502032740513376,0.0568279618428575,0.0013330173633053,charging
Batch_3,img_hzumfsms,0.0573756221751492,0.0474463429841687,0.0688586510961677,5.904780811375906,4.884413975512477,7.084035357113491,0.2116588557870743,0.1685875614143097,0.2574158087593788,-0.2425061898903698,-0.2709579758172014,-0.2214717271404431,133.07478737966977,127.183661080157,142.99814546927894,50.78959851813597,49.86618925552436,58.266813800650326,0.9225000701027004,0.9181205994598846,0.9338567802369944,1.176054800447817,1.1554389855986482,1.1760584725303371,23.29174886763584,19.89112045777397,58.93975509284286,88.75498469019337,85.71943275630726,94.51655020070709,0.0001394602886827,0.0,0.0067108768350053,0.0994552778210138,0.0883512391854601,0.0994552778210138,0.0330387056399541,0.0057549024531762,0.0436253646464399,1.8601953983306885,1.8486977815628047,1.864206433296204,0.4140113795654295,0.3928226980080082,0.448590896750035,0.1522576917129146,0.1432146828588744,0.1644135765530463,0.156645518641783,0.7690188401744192,0.5638266850345404,0.9071961361815452,0.2139121068058705,0.0928038638184547,0.2239719855832241,0.0128225046349522,0.0,0.210741183923418,0.0042465483847579,0.0,0.009331416102726,113,0.0452315636354857,0.6647048930620074,0.0784046875154324,0.0020499786552008,
Batch_3,img_kbdh4tri,0.0551854332837043,0.0455390145744179,0.0664178387680331,5.679763336750002,4.688338598873678,6.833445153478476,0.1361883694518046,0.0966591804544231,0.1799206967627972,0.1779138066376984,0.1540158776092812,0.2009985194104304,136.8882417884874,136.8882417884874,154.99163524754033,34.17810807654463,34.17810807654463,45.12105973967727,0.8562033651298245,0.8344327366180943,0.8562033651298245,1.2286204216935157,1.1309880261326783,1.2286204216935157,22.22637062618861,20.38164029953913,49.11583832618124,67.70168582466317,65.14446812085782,69.08265431964551,0.0,0.0,0.0062203671434939,0.1504588417121044,0.1388459335272266,0.1504588417121044,0.0529288767603968,0.0453016096994343,0.0561441077263765,2.2614909410476685,2.245718479156494,2.2649658918380737,0.5963672339472512,0.5298831267500849,0.6610314074554923,0.1267054503445629,0.1176547459356587,0.1355477446762019,0.12677808283423,0.7350019755400575,0.5981041295212838,0.8959410417046814,0.2569488472953478,0.1039575857105204,0.2742182020895898,0.0044380737106155,0.0,0.1279354185519348,0.0036111034539791,0.0001013725847981,0.0099362966015894,142,0.0476698191073053,0.6861737140511643,0.1299680973897257,0.0027505990082159,
Batch_3,img_mgxahqnk,0.0739055870810116,0.063110304267881,0.0864052277025718,7.602067840619631,6.493811082693007,8.88437261856731,0.1543284884595709,0.11358783966778,0.1988108994613463,-0.0422694733593267,-0.0572264980979728,-0.0265825988590133,189.4521492018154,184.2646980282783,202.0437666708113,42.85659805331355,38.7446696107059,55.123720022606726,1.2387754241229945,1.2387754241229945,1.2693164549078682,1.195432122018652,1.132585806859025,1.195432122018652,12.349943967846812,9.655728886498116,37.62258311308945,53.6397326761302,53.293921109186144,56.18611631867493,0.0,0.0,0.0030487126421434,0.0535719941030178,0.0459722625727647,0.0535719941030178,-0.1275212727158185,-0.1535046016366267,-0.1275212727158185,2.1699459552764893,2.1575894355773926,2.174520969390869,0.0420591893357592,0.0097228046833499,0.0763910116726852,0.1660532125997845,0.1511717998156951,0.1736374737439511,0.1660534755853823,0.8870487551343769,0.6983016087926092,0.9591168121571724,0.0932715694288857,0.0408831878428275,0.1020609613831473,0.0175704179155691,0.0,0.2062858394393119,0.0021092575211682,0.0,0.0039622491239248,104,0.0624998495380819,0.7378673527730132,0.045304309229334,0.0013594234299298,charging
Batch_3,img_pl8uabbv,0.0593428702735457,0.0484390262637249,0.0716804251948965,6.106867628316378,4.986453713310257,7.373690540392713,0.1354944069828766,0.0991005316214959,0.1760631925726265,-0.0641926032619786,-0.1153823368072025,-0.0418032253746296,129.41458920785158,125.46933599226963,144.53542153321789,41.38188976755077,41.38188976755077,53.45231087975248,1.028898052907996,1.028879268921351,1.0588039094456017,1.1821539750139771,1.1021598192078643,1.1878933023471394,19.287256037709657,16.377532451777263,54.7858666549995,59.5217832860383,57.66622568930271,61.80014220101671,0.0005036801143841,0.0,0.0100832069516743,0.0882977882704791,0.0774896495510789,0.0882977882704791,-0.4938650071189561,-0.5738815943624763,-0.4938650071189561,2.1313360929489136,2.110342502593994,2.138406634330749,0.1367678278586661,0.0703366169181836,0.1990759389380535,0.1242389884704874,0.1208006184815819,0.1296305416424305,0.1242993797622683,0.797913844286021,0.6426331600991163,0.9249439850733178,0.1871025532828451,0.0750480412716385,0.2051664365249581,0.0083135304002783,0.0,0.1484843833373535,0.0066700720308555,7.973655043735497e-06,0.0143996374507525,172,0.0513022432571698,0.7368694179490826,0.076333931810871,0.002527710467962,
Batch_3,img_ptg8lmto,0.057104482123086,0.0469903721714577,0.0685992944545269,5.876925848754085,4.837541798090946,7.057409855897963,0.1312136608267979,0.0933340729172889,0.172567426589181,-0.1343711409595348,-0.164631981580655,-0.1145735545322156,130.0331540572748,126.89905649662671,142.58998704076242,42.72967946463235,38.92499271977894,54.00910020401517,1.3243764427568587,1.303731828212339,1.3386636078595169,1.1423432993601577,1.0524128777318689,1.142426018391629,43.18152905615212,36.84670643440305,115.76408682306511,71.17356076506583,63.50279269984703,73.9255419563388,0.0010319404209819,0.0,0.0128068303094983,0.1133822364644045,0.1023123658248014,0.1133822364644045,0.0078796188216436,0.0078796188216436,0.0130248092655264,2.239596366882324,2.220556378364563,2.245140552520752,0.1164740522691574,0.1122510905562728,0.1354938898521744,0.1599737642609531,0.1528055692921303,0.1655868446323923,0.1601239643289005,0.7765892764654221,0.5863393013866948,0.9179697103800952,0.1994280181052536,0.0816983822589369,0.2008764878822247,0.0143333258270092,0.0,0.2002040547656661,0.0096493796023149,0.0003319073609676,0.0134281200631911,111,0.0496115939740974,0.7206698070539242,0.0985049381451803,0.003104830336596,
Batch_3,img_tuy3zymq,0.0484381796320828,0.0391881291234984,0.0589741271507486,4.986366689158073,4.035294067269019,6.068990127629196,0.1592652722066862,0.1163072200234486,0.2064313292976753,-0.0054427029978582,-0.0120518010457237,-0.0054427029978582,130.17471719210718,126.87129919091194,141.3142832902031,34.7737339627472,34.7737339627472,49.35821827898634,1.0502904601572982,1.0385879306838637,1.0502904601572982,1.1695060824962835,1.111451833551201,1.1887418893307196,49.95219885277247,44.80901962201423,86.10124472451612,71.67407319590477,68.10318314423824,72.76682888209517,0.0001601812336243,0.0,0.0042406138347097,0.1312794076543834,0.120290272542484,0.1312794076543834,-0.1266079867291646,-0.1350176200492522,-0.1265903936869742,2.2312843799591064,2.210559606552124,2.2367334365844727,-0.4042353428956414,-0.4231993999928498,-0.3905860279256128,0.1503909459493037,0.1430294532522534,0.1558919539843244,0.1525112342569381,0.773723859967503,0.5941333997633431,0.9103171626950306,0.2179514233260883,0.089671473539472,0.2319323691690352,0.0059824009791301,0.0,0.1705486703618359,0.0023423157272784,1.1363765497335196e-05,0.0082414730854663,126,0.0407236597677828,0.6896399109663555,0.1103711570591755,0.0026626526998195,
Batch_3,img_ufdvpb81,0.0516169761388869,0.0429038102537494,0.0617508910889769,5.313078887490926,4.417398744466939,6.3541996457574434,0.1379988592329699,0.1024120994832254,0.1769409775149825,0.5252446361529018,0.4115863518469295,0.6622095187523418,144.65406175232368,138.61555018115354,154.6368493628371,44.63162551515987,43.8907863036076,54.27669400152956,0.9106142713395888,0.8927559996712956,0.9312938019907772,1.0902543686875066,1.0407770175563902,1.0902846375654531,57.49908278943004,57.02968321987953,106.34191895882086,75.63795271785682,73.9239806518094,80.38493690894087,0.0003141928494041,0.0,0.0091090893108298,0.1076035709673546,0.0965457781232614,0.1076035709673546,0.5980417763544187,0.5797469240045016,0.6883113851274516,1.862807095050812,1.8455387353897093,1.869795024394989,-0.4859348075626301,-0.496299077805207,-0.4533394626330311,0.1025611772317014,0.1025611772317014,0.1048585484179336,0.1027202388500436,0.7541796585003712,0.6107757657053432,0.8940660325999936,0.2360306854738926,0.1059339674000064,0.2506637452008014,0.0037812422667656,0.0,0.1450927788955958,0.0060084137589705,0.0,0.010215884680061,116,0.0444938923146651,0.7247528475278991,0.0927544009244657,0.0019854367014219,
Batch_3,img_utfgcjfa,0.0617883814407116,0.0516699975238955,0.0735025631997976,6.358050054048102,5.318527805650107,7.560706210410725,0.14988509847356,0.1117671303194791,0.1915013891845386,0.2058513952362876,0.1597376339388539,0.2708881684474111,151.98490053584086,151.98490053584086,173.1427881281499,34.44792091974742,32.74207540070244,47.49926813405348,1.2055967226589153,1.1953316340366582,1.213207450326164,1.2381281278017056,1.1501113618915415,1.2381281278017056,17.413191283906254,14.856575166872254,56.10902781664522,66.45002524461225,65.75258826877901,68.2850206951089,0.0004720297278296,0.0,0.0093143239730613,0.0870971762222414,0.0781364122470675,0.0870971762222414,0.0508497171526018,0.0491249265564302,0.0607053265598081,2.2775328159332275,2.264070749282837,2.281630158424377,-0.4058132639967556,-0.4547431738690655,-0.3633591200159155,0.1168935810308288,0.1094236707783158,0.1207093651052662,0.1172407585653519,0.8096124449240176,0.6918623351559987,0.925454055295398,0.1784281989029763,0.0745359599812287,0.1925538309231693,0.0054851182447621,0.0,0.1139238305529717,0.0064742379282438,9.984723373238943e-06,0.0115792859440334,143,0.0525272238039487,0.7235450703350895,0.0740426073874017,0.0023909523397725,
Batch_3,img_vc2whyaq,0.0641896063804489,0.0533675243059312,0.076396658312476,6.60464681817556,5.492970321849804,7.8576992254016576,0.1397217291386883,0.1031962200991929,0.1795182102951409,0.2032990361077032,0.1608386203873441,0.2605441292923857,149.11542451880837,147.37066291969495,162.15277720684517,50.070023054084345,46.78353104886104,59.10811543902653,1.0184503680809252,1.0051814132520114,1.0283361810696934,1.310332296356013,1.2650835362482131,1.3168772960097623,13.017698049602696,10.56303891394596,56.61171588519886,67.23670996865788,65.94191865643785,67.97222564881653,0.0008539313327826,0.0,0.0172792992656058,0.0771224222959576,0.0682049203940697,0.0771224222959576,-0.0063323876093504,-0.0113882821904984,-0.0032544548661775,2.1332935094833374,2.118060827255249,2.1392253637313843,0.1102530779331148,0.0769251007015607,0.1413799162350811,0.181284859965486,0.1740789033476391,0.1866681353411052,0.1823020271391649,0.7989238467338405,0.6572795625427205,0.9225091588247972,0.1831345534306669,0.0774908411752029,0.1953520164046479,0.0056720817053944,0.0,0.13080997949419,0.012269518130098,0.0,0.0165584415584415,126,0.0552209235842408,0.7387106031796685,0.0663467440974022,0.0027120979430106,
Batch_3,img_x77cy643,0.0705731532972169,0.0585611313763497,0.0843245616467321,7.260035074545759,6.026565944375356,8.670991343187875,0.142628466309226,0.1038205485116988,0.1853024442108811,0.3423236543399076,0.3050785808468619,0.3812811859793917,142.75222910163708,139.97306643728334,154.03484273016517,54.303064237726375,54.303064237726375,64.23669044637614,1.0572890141875837,1.0499709927271623,1.0572890141875837,1.1222230822876744,1.073750091652438,1.153825536690597,13.536231751281475,12.411157895014808,59.73196265188934,68.398439900324,66.89661029906844,72.29137484570295,0.0009812463520475,0.0,0.0163414675278681,0.0824025609652904,0.0734881432791786,0.0824025609652904,-0.06399604056522,-0.0745855267601648,-0.0472915327433476,2.244316339492798,2.2288153171539307,2.250352621078491,0.3799454006764531,0.3498937341546324,0.4051958510037102,0.1176310865878262,0.1170438159192266,0.1203886024805187,0.1179970534085723,0.8403487741748299,0.7479785373727712,0.9369968155466644,0.142716437739076,0.0629786886584469,0.1498259953143836,0.0045658265444022,0.0,0.10086388569208,0.0123689615416917,2.449579488854413e-05,0.014784711849757,141,0.0605074126798289,0.7262145109360865,0.0706496100748585,0.0028948504825004,
Batch_3,img_x7u69zsw,0.0821339061480861,0.0694934160718605,0.0969259108431853,8.446300529493326,7.1491984023904775,9.962894179183884,0.133641680738076,0.0952859666335182,0.1762785377080399,0.1265931385752985,0.0911381812759452,0.1668881719212537,136.87383483059568,134.56488086600757,150.08261413729127,45.90437284765684,40.06937815727916,56.294547289409735,1.07581396094336,1.033216833467395,1.0951046237290745,1.1475403221167957,1.092403791206377,1.1644112739624777,41.953587256426886,38.85741077391931,72.32671543016372,61.858216389288685,60.32218323397313,63.69315503472462,0.0005444878611235,0.0,0.0078160957327897,0.135505313002347,0.1248852043238544,0.135505313002347,-0.6905636524994725,-0.7169508046489046,-0.6905636524994725,2.2236104011535645,2.208602905273437,2.227245569229126,0.7696094223916757,0.7066372931042523,0.850024001990757,0.1332093986531184,0.124453398163887,0.1444787944114,0.1332532843215086,0.7882626603846268,0.6338260651702946,0.9191600965920904,0.1959507511778824,0.080807919272041,0.2166627243428639,0.0102379470767771,0.0,0.1455646765802543,0.0055486413607135,3.198413586860917e-05,0.0111491017346322,151,0.0711573928848725,0.6778047711532771,0.1173961552237743,0.0026458977114215,
Batch_3,img_xgj4xftb,0.0552397673042015,0.0469001632882963,0.0650382474341565,5.6853459198597225,4.828268489174824,6.691790305399234,0.1698447442604018,0.1282159457145376,0.2150341239770274,-0.4681206281616226,-0.576105814767858,-0.3956741356421831,165.4534934516669,163.59161889498924,177.3372841691476,33.87888356537519,33.77606596515802,46.987204328101626,1.0870157637120883,1.0870157637120883,1.100523095392988,1.3114192120100103,1.2380813492836389,1.311437515788182,18.02751813413249,13.131605208290305,41.75358074390324,74.21157431194358,72.08494498454056,75.56943385018235,0.0001026623776606,0.0,0.006392600904485,0.1115490409564821,0.1015059463608457,0.1115490409564821,-0.2355499221412107,-0.2581831340234891,-0.2220273631636541,2.256112575531006,2.244684934616089,2.259382963180542,-1.1421410957452094,-1.154014954794729,-1.1360730646824844,0.1473877453874187,0.1392583294291187,0.1544573976078535,0.1474010073517478,0.7879483191400897,0.5805801591001368,0.9201808742254228,0.1966675393073286,0.0798191257745771,0.1966675393073286,0.0117036512311933,0.0,0.2253567722822899,0.0036804903213884,0.0,0.009037729890675,70,0.0458575831534153,0.6916946499634475,0.0926030226227353,0.0023579572122236,charging
