batch,image_id,band_00,band_01,band_02,band_03,band_04,band_05,band_06,band_07,band_08,band_09,band_10,band_11,band_12,band_13,band_14,band_15,band_16,band_17,band_18,band_19
Batch_1,img_4ih2ggld,0.14150567347616202,0.04837293962420208,0.08804568726895545,0.17935124814656836,0.2636574553354908,0.2334721491978446,0.08239766210366725,0.04787985144676162,0.05427203584467126,0.05663768703222757,0.05284007002667683,0.06032109849325597,0.08410136522351601,0.09266333613770084,0.05605187486955917,0.06819100141967893,0.05518914739808084,0.06343110809031244,0.1277015870494045,0.1605833245847371
Batch_1,img_5n1q8atc,0.08582288181577384,0.0525081977203271,0.09813801392628603,0.09423745802090171,0.06723134068396332,0.0986001821814993,0.1301681497860967,0.1273144189766535,0.1651819989700328,0.06936048932013962,0.05779159979454836,0.08527603856931024,0.10469269048463124,0.14658104637015007,0.15558870376456907,0.15792632545020496,0.1320698801050096,0.09517831070156489,0.11279653070162475,0.19596382811575747
Batch_1,img_f1vzngrs,0.03272409921177556,0.06957478839228037,0.05779585282509219,0.019232563742947434,0.03356118090539797,0.09496995437649064,0.11419838494629066,0.05882161702199839,0.048401399458532945,0.029627224259104818,0.07807427026585811,0.06410243434835601,0.07219578802170779,0.03274031820370921,0.022057521638291177,0.036986093971388086,0.0984802804378264,0.12327851923930729,0.14277308948981196,0.12748944496664624
Batch_1,img_ffwubibz,0.07805832070430045,0.06932052580830211,0.11275804045513957,0.09970025029022009,0.049078099783754624,0.08347543769153745,0.04293748715425482,0.03822083585358459,0.0278960604507895,0.045844915259325075,0.04438060944644988,0.03960522002816864,0.0201547061601573,0.005266542334721758,0.02520080737290092,0.019054038039936008,0.052073538909833725,0.054398056947386475,0.04453267726356766,0.01825827866255928
Batch_1,img_fzrt2k6r,0.023184796380090498,0.06907549273903044,0.10361499887732954,0.051598740716918,0.06785315742517736,0.0829505866350253,0.08366396908278109,0.04070369408854206,0.03327993753621258,0.04781576061233916,0.050023822995146065,0.08970383986563947,0.06154688121684676,0.03234400454631559,0.05806676923367344,0.058595645081211435,0.055606427451789064,0.09987373079528146,0.04795359235501264,0.12413467359610204
Batch_1,img_iv6g2oq0,0.0373741876451681,0.06277769230626647,0.09305418027380798,0.05465081872944802,0.007656522392692531,0.05184558763578584,0.08713460469183068,0.09917697041284841,0.05593821602635854,0.043972961494903734,0.07436661567167478,0.07162950455118028,0.07004859021879449,0.03863013447488794,0.002435923313269744,0.05372894797527471,0.024902582136365193,0.0407038225471777,0.1296315456284733,0.08540899480140166
Batch_1,img_uhdslk0o,0.04153832112624638,0.042802288549586405,0.02334706129340611,0.03231366974162456,0.03153744643576615,0.08541090899207925,0.09948309450919433,0.13475342513027574,0.10114815004566807,0.07643892368844209,0.047240091819817774,0.06405786533955359,0.0398080464066675,0.03788676431498313,0.015248653729586325,0.038420399752589436,0.08008274883623842,0.15708036844038695,0.11280998659517426,0.0516287064438639
Batch_2,img_3806gxp0,0.06211631216760624,0.13160837567646053,0.17069983355872256,0.1320215955181161,0.06962776375550804,0.01049130123948379,0.00034515722419146077,0.01040137440518376,0.0349300496013358,0.04080142239034122,0.012967410387359412,0.040882772674280005,0.06721175341323869,0.0448057914338311,0.09015223413038279,0.10872567815015821,0.03868519248750299,0.05877271926291411,0.062167985437794865,0.07030061162600254
Batch_2,img_avn74qx1,0.0931459576844713,0.057057750551197814,0.03913385789501088,0.004423633419173282,0.0355898973590128,0.06415781208735077,0.07914198462047904,0.023731700758935718,0.03925937380667599,0.008471958546057815,0.00649333896616111,0.016891562398734,0.027631650529932227,0.0788143678395238,0.060104361165685946,0.013580584367941765,0.03186409257988741,0.086528115469899,0.08219096825611691,0.05617870151009065
Batch_2,img_b3esycq1,0.07541022845137098,0.04415966336325926,0.10169853074328368,0.14655433834956977,0.10374581244293388,0.10527867409797595,0.10104502309047057,0.07876192944976297,0.060209046165477766,0.04695294176889143,0.018812311756084204,0.0011358385055477154,0.013991729974035964,0.08455970755730605,0.12378900314356694,0.07752337069423644,0.10500678798489581,0.11064020488527564,0.06800833354945235,0.20439969036548983
Batch_2,img_epqdaau9,0.06142762748132578,0.0619033318124852,0.05424737200354292,0.0590403630150416,0.07573005590199997,0.10907306361936733,0.049809069556320876,0.05436254330702692,0.05199739873652917,0.028887533954022545,0.03219147640290375,0.03741536457342527,0.021863853227578525,0.07515815882966978,0.11915197823062318,0.11662024418474405,0.04316343076777886,0.046729933949189006,0.05110427382317918,0.06151118786653714
Batch_2,img_i9jiqjwl,0.010465765502967874,0.037335449405563194,0.05637907742771511,0.1352073913898172,0.15847304309145305,0.09539888526066885,0.030592370236117404,0.0706865491708393,0.04897136691565403,0.029742983303136492,0.05610750888935369,0.039894190672482385,0.026856014718330826,0.04726807160600859,0.05692973032372431,0.027303542435736662,0.025486614784618913,0.016437170773508977,0.06190029841352664,0.08786880589866679
Batch_2,img_r17byphk,0.09654970657958124,0.11594489563214111,0.03109685977544603,0.03671354431001457,0.020373096111542338,0.01568596316123764,0.05934484554953979,0.06579641145728332,0.007483044651186244,0.03323127804041634,0.021355662549717398,0.016327198419772614,0.019707070622579485,0.043100043064403556,0.045067548276071887,0.03233455870434845,0.10945355535219428,0.04255188891817664,0.028461263142429787,0.0301902570911205
Batch_2,img_rxax5ozo,0.0653334026592803,0.07322156647798343,0.04270650953543696,0.08268225507278962,0.05653016663724856,0.08622425614935354,0.11112773102756118,0.043015371849799824,0.059182795154491714,0.017571681415929203,0.017780884229921533,0.07023652894585544,0.024182716001662108,0.0204197835986156,0.03236055822756872,0.04294373059070499,0.05374608388509911,0.08140498610170067,0.07551180239023855,0.08869726829023265
Batch_3,img_0grcilhi,0.09108967794318731,0.06127926621264114,0.09683871826387856,0.07799717555956066,0.05590700088994364,0.09762734342506925,0.1296793398482961,0.08940376391092263,0.05196506719487094,0.03624773280085801,0.043768277797465,0.09724238026124818,0.042628371493934676,0.017856785414683943,0.03998824787494571,0.04200209275326897,0.02559688512925923,0.0031720792291523793,0.024386091254000503,0.02444289280449793
Batch_3,img_71vgq3fw,0.025955073167238264,0.042894684832688955,0.07059932430696503,0.06893308119714953,0.10383313558154152,0.08892595856703249,0.06442501185608633,0.08257559196848416,0.11511202351057916,0.10741936771249742,0.0846285278709069,0.07943628518269269,0.03778671159524247,0.044251277025228956,0.07756659159420434,0.0614866451250019,0.0373520686363083,0.05417150455524347,0.044340630087493345,0.025925096736682415
Batch_3,img_9luzk4jm,0.03207059870007257,0.06895556414408509,0.0925845310238673,0.09979878684624084,0.07201341449437373,0.1068028872420154,0.1201461927076093,0.1574945144904683,0.08774503963558439,0.07838311093891845,0.07984136229699171,0.08917470702720609,0.07412206125545198,0.021650179161997678,0.0001930656953013277,0.015914803994836607,0.07543566840093438,0.03245874838140295,0.03822775399511006,0.04001427530183955
Batch_3,img_cfe5vt7s,0.016017579238534346,0.028007911285828878,0.044531164805034974,0.05975431483805871,0.09995223181852392,0.13548436624618404,0.0763256539323036,0.02799152915522194,0.009706692276785276,0.05287040165976408,0.08943941032289462,0.05695156722263981,0.06606925612423482,0.1012351185370707,0.06813925434993828,0.047151954027451516,0.04377724130544043,0.06112256090212488,0.09308903280778937,0.06321703911203531
Batch_3,img_hawkfj64,0.045288684480595996,0.012948935905081487,0.016561767246698753,0.01633661635722342,0.0220737887161275,0.050845056856490475,0.05236649635580842,0.07775012184084105,0.055794694240396764,0.04320284867691391,0.057815207434054924,0.0539398005625884,0.06825092993485718,0.027773155875143445,0.05690481940180081,0.05477038098190772,0.03548050893806132,0.03874683269650153,0.07484563858215679,0.05615480285650634
Batch_3,img_hzumfsms,0.081650028914452,0.044975741509528336,0.020945312617479044,0.044192809473535766,0.029300217381249712,0.02668899719289786,0.0846733598464833,0.06390823365588938,0.021050317012364116,0.07550300440940569,0.1072026441526655,0.041605976094957337,0.019728740536962018,0.0566896754295785,0.0939440523684901,0.08105375155679091,0.05978471721555452,0.04778227732503445,0.0580152972717237,0.08018664094315657
Batch_3,img_kbdh4tri,0.048538313275739056,0.09262116747886544,0.07484117723324257,0.02157464930819377,0.032787445406030034,0.03534224699495331,0.014291584496930831,0.032001203867911096,0.05535880984485901,0.04158760609700067,0.013931806571389411,0.04632820698858557,0.030215910999702816,0.09883886645742701,0.10230457876429809,0.11722732760933727,0.05798264228923562,0.05816923405775733,0.053456661177360136,0.08571178545464336
Batch_3,img_mgxahqnk,0.05333645953797986,0.04708303575433258,0.05633185380020823,0.09782088078149773,0.07289901069691075,0.13680236098749238,0.09142600654095291,0.055966646563704536,0.03838778543812878,0.026768436295768912,0.08708235450066647,0.1558599695585997,0.10546973630824578,0.03955570349865975,0.04195897745949346,0.08264395194505031,0.07717117458349833,0.09099950183415606,0.07842302660270388,0.04719057848550549
Batch_3,img_pl8uabbv,0.10291037594714583,0.08128866016072661,0.03249445597382435,0.06699253854490476,0.019970731205553278,0.055505884058671434,0.06083421853562458,0.06908830713508714,0.08434755542037332,0.05768354357569831,0.06392254233579965,0.02096462767613968,0.010935830903991013,0.03200515745760235,0.04524281331459975,0.04170299136701583,0.054582100333201294,0.029542340130290626,0.06641810616746646,0.18467817325669966
Batch_3,img_ptg8lmto,0.06364767718765417,0.010248055935653973,0.04406681967061377,0.12671853440393663,0.1238373379173457,0.0474366570593611,0.035900793876045056,0.035746686256091585,0.040794878754053264,0.02739914550981842,0.020087669830299686,0.0203905547707718,0.06580606557113713,0.09628937336554183,0.035429670631649195,0.06319148289589643,0.07581700115055401,0.1070453438345566,0.06267913225309016,0.04061629880449983
Batch_3,img_tuy3zymq,0.09686159760853516,0.09672294167568232,0.042903165492147906,0.022976753251525314,0.07439118591698174,0.06134291383581552,0.02147946154179111,0.013496034167175108,0.027602367989958482,0.042162191153859906,0.054635330701667484,0.05182979607381505,0.04360748454613076,0.03205500366454129,0.04844588533658854,0.04697592866594098,0.035801652835491596,0.0064392626752679,0.053145699266907105,0.08985403032113977
Batch_3,img_ufdvpb81,0.0673310172396591,0.055886279507251654,0.11285292917735439,0.08276360094381607,0.019517866832028524,0.035542849587459145,0.057597605601226606,0.03674565340590537,0.0641102492931862,0.05475438674200958,0.06896460582880509,0.035869118361550247,0.018240168590678982,0.04331014924687277,0.02602646234958851,0.03490706036795343,0.03724844001046221,0.06556419494342537,0.07015615306258464,0.04047316209408375
Batch_3,img_utfgcjfa,0.07557467254931206,0.061852363084938855,0.07526265315030092,0.10810393659466426,0.08383673161723137,0.10232668909840194,0.06874651524958823,0.004573102194703679,0.032601568674707336,0.02485106711137674,0.04822545768560456,0.04170025971413601,0.03411561331609423,0.07099229853767972,0.10583158991260541,0.1323349393173695,0.05692875263138247,0.0306456233386408,0.029577182278644948,0.04174832082812505
Batch_3,img_vc2whyaq,0.04529423324737435,0.05423382924140985,0.08153588037911344,0.03449230214716029,0.07853772954163252,0.07621175789580911,0.054926706309263,0.03768287946922762,0.07777305915783018,0.1048297412952148,0.05853721080423964,0.07019204694733526,0.0969728940624482,0.08186629140615653,0.04871390489096025,0.027534267487636873,0.03468352244933194,0.04369420212171609,0.06865699829242766,0.10889625142326918
Batch_3,img_x77cy643,0.029148281855863083,0.046144907291726246,0.04621849366924158,0.06126540871947242,0.07733674775928297,0.04453324330271284,0.12424705753134245,0.11335250991221814,0.056873055576500055,0.06966027221090987,0.014887104686170305,0.06733532446199994,0.07021588587799524,0.1026535038140454,0.0992718025185624,0.13469048715232726,0.14911443062999946,0.036508395915528,0.024516522972513128,0.057211804251144645
Batch_3,img_x7u69zsw,0.05750089723651154,0.07170320075523609,0.02396425938719989,0.09041888768653226,0.0833823030580996,0.09932288235185642,0.05046863051185954,0.046289150661793614,0.12212364180861819,0.10586448414259857,0.008058736038843892,0.01700257508541125,0.0895038549357107,0.11247202337495946,0.07714592522077691,0.06201961042379574,0.07428077198536161,0.16709921587219354,0.20072136018752798,0.08339868373508709
Batch_3,img_xgj4xftb,0.0017625489168952022,0.03993571138361942,0.10394443513781684,0.13949957038309976,0.1172027787566486,0.0842157866412013,0.07652041180325693,0.08203913726487365,0.04374818184222357,0.052004195396552204,0.07522193689231566,0.055169133324710115,0.05605142121145515,0.05538390347078468,0.05227492739593417,0.01755081268774686,0.0017775138139125455,0.00019583788224965953,0.025606392586802532,0.03957143441338041
