sample_id,batch_id,qa__BSE__height__px,qa__BSE__width__px,qa__BSE__mean_grey__8bit,qa__BSE__std_grey__8bit,qa__BSE__noise_sigma__8bit,qa__BSE__p99_grey__8bit,kpi__BSE__pore_fraction__frac,kpi__BSE__bright_phase_fraction__frac,kpi__BSE__pore_eq_diameter_d50__px,kpi__BSE__pore_count__per_Mpx,kpi__BSE__pore_elongation__ratio,kpi__BSE__bright_particle_eq_diameter_d50__px,kpi__BSE__bright_particle_count__per_Mpx,kpi__BSE__solid_chord_horizontal__px,kpi__BSE__solid_chord_vertical__px,kpi__BSE__solid_chord_anisotropy__ratio,kpi__BSE__orientation_coherence__frac,kpi__BSE__dominant_angle__deg,kpi__BSE__phase_contrast_bright_vs_graphite__8bit,qa__SE__height__px,qa__SE__width__px,qa__SE__mean_grey__8bit,qa__SE__std_grey__8bit,qa__SE__noise_sigma__8bit,qa__SE__p99_grey__8bit,kpi__SE__dark_fraction__frac,kpi__SE__dark_region_eq_diameter_d50__px,kpi__SE__dark_region_count__per_Mpx,kpi__SE__edge_pixel_fraction__frac,kpi__SE__edge_density__per_px,kpi__SE__local_roughness__frac,kpi__SE__orientation_coherence__frac,qa__InLens__height__px,qa__InLens__width__px,qa__InLens__mean_grey__8bit,qa__InLens__std_grey__8bit,qa__InLens__noise_sigma__8bit,qa__InLens__p99_grey__8bit,kpi__InLens__bright_edge_fraction__frac,kpi__InLens__bright_edge_skeleton_length__px_per_Mpx,kpi__InLens__bright_feature_elongation__ratio,kpi__InLens__dark_fraction__frac,kpi__InLens__edge_density__per_px,kpi__InLens__orientation_coherence__frac
img_4ih2ggld,1,2316,6996,57.38616943359375,21.960329055786133,5.1890997886657715,106.75,0.09276877682880225,0.1499647960690096,150.05321758994913,31.352729563698375,2.069907513672984,195.454033727201,48.57204363509965,252.0,238.0,1.0588235294117647,0.11791379004716873,87.56438446044922,34.61191940307617,2316,6996,79.09886169433594,37.469757080078125,3.7065000534057617,192.0,0.14291462873924501,194.05497359018443,74.18500184166426,0.1454848119478093,0.022875772026940085,0.08492791252781004,0.009509162089935396,2316.0,6996.0,96.65579223632812,47.226173400878906,4.4477996826171875,248.75,0.19835736384274855,16733.470199107112,2.580097631667078,0.22969009678365432,0.023988888977118573,0.11273482101384309
img_5n1q8atc,1,2316,7000,59.71575164794922,20.838470458984375,5.559750080108643,109.75,0.05902689365901801,0.16650505798174192,96.32948563150259,30.779669380705652,2.0997838526538635,271.11173423234834,37.68813224771774,308.0,300.0,1.0266666666666666,0.054550666362047195,87.49622344970703,34.935638427734375,2316,7000,83.78498840332031,34.356204986572266,4.077149868011475,191.25,0.09558129780409573,109.72580888294102,92.09227732543795,0.14017369849494202,0.022070406960249943,0.07985395083716626,0.056603022538118754,2316.0,7000.0,97.00801849365234,43.86787796020508,4.4477996826171875,249.25,0.17314137675795707,16454.601529731062,2.5495149841797176,0.2400671107821367,0.02285526872619367,0.06152974452477436
img_f1vzngrs,1,2148,7000,54.377437591552734,21.574975967407227,4.818449974060059,124.25,0.05704283054003725,0.08093349295025273,65.9112534142416,58.45969672785316,2.1074910296635316,175.0697641537934,12.769353551476456,266.0,236.0,1.1271186440677967,0.14220383763313293,79.27562713623047,43.17570495605469,2148,7000,79.7776107788086,28.943538665771484,3.3358500003814697,154.5,0.8112878425113061,3907.075069002226,17.424847033785582,0.12771694599627562,0.020039333513538076,0.07648333870338116,0.07808667359939159,2148.0,7000.0,125.48602294921875,46.6976318359375,4.4477996826171875,253.5,0.1880125033253525,13584.197924980048,2.2572359806978977,0.20168635275339186,0.020695407959015352,0.16642677594508667
img_ffwubibz,1,2080,7000,58.686466217041016,19.733137130737305,4.4477996826171875,122.25,0.080875,0.04813736263736264,117.32973177194509,42.71978021978022,2.302441382700543,148.8776477338009,8.173076923076923,246.0,212.0,1.1603773584905661,0.17436103522777557,84.18013000488281,44.520042419433594,2080,7000,81.08263397216797,27.782066345214844,2.9651999473571777,143.5,0.09625247252747253,120.22402135943368,60.57692307692307,0.10480082417582418,0.019078216508958145,0.07586063989620727,0.13587203052150704,2080.0,7000.0,114.74638366699219,41.57046890258789,4.077149868011475,243.0,0.3496953296703297,21019.642857142855,2.2384971763427295,0.0865184065934066,0.02089216161616292,0.15768128826404976
img_fzrt2k6r,1,2156,7000,61.58171844482422,21.56570816040039,4.818449974060059,124.25,0.09356771799628942,0.06688735754041876,123.0502526043346,43.00291545189504,2.2974437335395628,160.83262912369358,11.661807580174926,214.0,198.0,1.0808080808080809,0.15839096903800964,85.55719757080078,42.989952087402344,2156,7000,82.45694732666016,32.55944061279297,3.3358500003814697,167.75,0.1199231380864034,134.84013014981159,62.21839385104691,0.12614232706069442,0.020472976325619195,0.0811674226227979,0.05706989292233085,2156.0,7000.0,144.18740844726562,47.539241790771484,4.4477996826171875,255.0,0.22180227935329977,17218.65889212828,2.421822458983455,0.16044579909886034,0.02180293893272453,0.12435847423027893
img_iv6g2oq0,1,1780,6960,57.28738784790039,23.10052490234375,4.4477996826171875,128.5,0.09906108743381119,0.058894485341598864,121.40436964893085,42.86129407206509,2.346546015525837,184.30960651451173,9.524732016014465,230.0,200.0,1.15,0.20521970093250275,84.82742309570312,48.10601806640625,1780,6960,74.46197509765625,29.979887008666992,2.9651999473571777,144.0,0.11915924060441689,134.6700563421864,59.247061862327264,0.11945499160532093,0.0205981903749713,0.08337485450614769,0.17028362664555488,1780.0,6960.0,106.38327026367188,44.551151275634766,3.7065000534057617,237.5,0.1919204442722459,13579.523440526928,2.3388525366450432,0.22629600929872143,0.01949616701381916,0.18860536351895857
img_uhdslk0o,1,1880,7000,60.171600341796875,21.92522621154785,4.818449974060059,126.0,0.09127689969604863,0.06268237082066869,106.9284392092289,42.78115501519757,2.366572639071993,202.6940887877943,8.51063829787234,200.0,186.0,1.075268817204301,0.12573851644992828,85.80433654785156,45.043766021728516,1880,7000,79.08382415771484,29.850656509399414,2.9651999473571777,149.75,0.11470121580547113,134.38612168867567,59.650455927051674,0.11746960486322189,0.020835251697635344,0.08169267314835514,0.09665161382051692,1880.0,7000.0,135.67446899414062,48.84645080566406,4.4477996826171875,255.0,0.2554322188449848,17860.33434650456,2.4378018793462597,0.07610091185410334,0.02275074328018209,0.12015649948156908
img_3806gxp0,2,2048,7000,51.10905838012695,21.325456619262695,4.4477996826171875,121.0,0.11198967633928572,0.05977315848214286,143.2641667030902,43.80580357142857,2.3405888050259334,178.69764347063418,9.556361607142858,188.0,174.0,1.0804597701149425,0.10594689846038818,88.67566680908203,43.521324157714844,2048,7000,75.48221588134766,31.795185089111328,2.9651999473571777,153.75,0.1384966517857143,155.1264883747923,57.96595982142857,0.13347154017857144,0.02077154118100928,0.08450718446284965,0.06596947433002782,2048.0,7000.0,110.1389389038086,52.93165969848633,3.3358500003814697,251.75,0.2709428013392857,17293.9453125,2.4344718256546143,0.20277818080357143,0.024134675197125328,0.09083651465294498
img_avn74qx1,2,2048,7000,49.57613754272461,20.165294647216797,4.4477996826171875,118.75,0.10258649553571429,0.044141183035714286,146.7587140129676,39.89955357142857,2.220346805278721,138.1976597885342,6.905691964285714,216.0,196.0,1.1020408163265305,0.1574186086654663,83.70560455322266,45.29849624633789,2048,7000,71.72050476074219,28.489469528198242,2.9651999473571777,141.75,0.11715987723214286,172.372613880337,51.688058035714285,0.11609291294642857,0.019038725321018062,0.07650231443906037,0.12136315199920092,2048.0,7000.0,106.39861297607422,52.08613204956055,3.3358500003814697,248.75,0.2426322544642857,15420.619419642857,2.2665325874754285,0.24224135044642858,0.021572675513127634,0.1386940448535773
img_b3esycq1,2,2156,7000,63.05817413330078,22.559022903442383,4.818449974060059,126.75,0.09646541213888153,0.08585873310363107,127.1218167813011,44.129340047707394,2.263823461824222,179.76323218438867,12.788232175987277,210.0,196.0,1.0714285714285714,0.1488099992275238,89.17498016357422,42.34614562988281,2156,7000,80.73114013671875,32.60112762451172,2.9651999473571777,165.25,0.1297953882851842,162.11003733061614,56.85131195335277,0.13090882586800953,0.01952461120166332,0.07808342005995117,0.08986567450608808,2156.0,7000.0,146.7481689453125,48.38581848144531,4.4477996826171875,255.0,0.1879040551285449,14679.830373707924,2.352491407620188,0.20273787437052743,0.020786751751022774,0.12381604895283847
img_epqdaau9,2,2148,7000,53.80099105834961,23.696199417114258,4.818449974060059,124.75,0.07563128491620112,0.06533306730513434,104.88464933683959,46.82096302208034,2.126902973758747,177.98370676275638,8.180367118914605,234.0,202.0,1.1584158415841583,0.3090541958808899,89.71267700195312,47.61725616455078,2148,7000,78.65170288085938,32.628116607666016,3.3358500003814697,170.75,0.10860042564511838,125.2450046554241,73.4902899707369,0.13991593508911945,0.019508657338877737,0.07469913831866841,0.06072494154277077,2148.0,7000.0,126.7426986694336,50.860206604003906,4.4477996826171875,255.0,0.21283532854482576,15197.658951848896,2.3046129891762366,0.24331657355679703,0.021138807662613814,0.13822170518975374
img_i9jiqjwl,2,2272,7000,56.49635314941406,20.746278762817383,4.818449974060059,121.25,0.08348918511066399,0.07275452716297787,98.21437161084722,46.27766599597585,2.142626478876857,154.40251693421706,13.770120724346077,204.0,210.0,0.9714285714285714,0.12706983089447021,89.28208923339844,40.604766845703125,2272,7000,79.87735748291016,32.56917190551758,3.3358500003814697,181.25,0.10711116700201208,121.19443629170787,62.43712273641851,0.1255591046277666,0.016424553220532993,0.06523410168387345,0.09098203855585761,2272.0,7000.0,144.25277709960938,42.38667678833008,4.4477996826171875,255.0,0.20143636820925553,15551.55935613682,2.342789081717015,0.08754325955734406,0.02058386167604679,0.1234793919538162
img_r17byphk,2,2080,7000,56.111026763916016,21.35906982421875,4.4477996826171875,120.75,0.11389258241758242,0.05018461538461538,169.60255833759348,42.925824175824175,2.287230937539306,153.82419737921035,12.774725274725274,200.0,166.0,1.2048192771084338,0.1957779973745346,86.14425659179688,42.76847839355469,2080,7000,76.78487396240234,33.86024856567383,2.9651999473571777,165.75,0.15679615384615384,200.0766135420967,61.33241758241758,0.13373104395604396,0.020252442711578115,0.08147235394015602,0.1427426913244621,2080.0,7000.0,108.8494644165039,53.690216064453125,3.7065000534057617,255.0,0.19901016483516484,15773.901098901099,2.4610273121953936,0.20815741758241757,0.02290485339532447,0.16616191491930868
img_rxax5ozo,2,2068,7000,56.31955337524414,20.861051559448242,4.4477996826171875,124.75,0.08916523901630284,0.05712434374136502,117.32973177194509,41.58607350096712,2.2718583555415757,157.6342061706514,10.016579165515335,222.0,202.0,1.099009900990099,0.13373850286006927,88.58206176757812,43.88151168823242,2068,7000,73.60163879394531,30.279821395874023,2.9651999473571777,153.25,0.1242221608179055,140.97064522171422,57.336280740536054,0.1266874827300359,0.021041804929294923,0.08341691098514863,0.08797777914206732,2068.0,7000.0,115.27595520019531,60.956512451171875,3.7065000534057617,255.0,0.2546634429400387,15783.50373031224,2.408232135356532,0.3969803813208069,0.024841509337428545,0.13027798979735625
img_0grcilhi,3,1904,7000,55.64516830444336,22.516700744628906,4.4477996826171875,124.0,0.13918337334933972,0.05877641056422569,213.18902126719934,41.191476590636256,2.2552476450821928,137.51419460698096,13.805522208883554,182.0,148.0,1.2297297297297298,0.16506437957286835,81.07213592529297,43.321632385253906,1904,7000,66.08258056640625,33.879669189453125,2.5945498943328857,156.25,0.222718787515006,315.8252458790346,51.84573829531813,0.1462872148859544,0.01988695893477509,0.08283946262388919,0.1692320298415235,1904.0,7000.0,108.56126403808594,61.91244888305664,2.9651999473571777,255.0,0.1574672869147659,13093.787515006003,2.468566227429714,0.567827731092437,0.024282918672652525,0.1771775213237886
img_71vgq3fw,3,2060,7000,64.0308609008789,15.78786563873291,3.3358500003814697,114.0,0.08335561719833565,0.06870679611650485,94.86441430899224,45.423023578363384,2.366653996621678,155.94510349620344,13.800277392510402,242.0,220.0,1.1,0.08732481300830841,82.56121826171875,31.740707397460938,2060,7000,71.95304870605469,24.12980842590332,2.2238998413085938,141.75,0.8124859916782247,3844.535366548203,16.22746185852982,0.15173536754507627,0.0216917904613401,0.08555078074260201,0.07764332182038813,2060.0,7000.0,64.92562103271484,38.0712890625,1.8532500267028809,189.5,0.1093750346740638,10718.030513176145,2.5382254946145144,0.6227470180305131,0.023244378740108318,0.13143809284590235
img_9luzk4jm,3,2088,7000,57.612709045410156,19.42036247253418,3.3358500003814697,114.75,0.13183004926108374,0.06048412698412699,156.18985138966525,42.21401204159825,2.260617887112792,148.29495411734592,8.347016967706622,164.0,160.0,1.025,0.13494056463241577,77.15554809570312,38.55802917480469,2088,7000,77.17538452148438,34.84906005859375,2.2238998413085938,166.75,0.1815719759168035,205.25338013342696,56.58182813355227,0.14558511220580186,0.021221176963571512,0.08695317123813096,0.0883680077881231,2088.0,7000.0,126.79471588134766,42.74192428588867,2.9651999473571777,255.0,0.1630008210180624,14770.388615216201,2.4768771573450103,0.16313464696223318,0.020994269886946554,0.12004929040031756
img_cfe5vt7s,3,2080,7000,58.75634002685547,22.155738830566406,4.4477996826171875,126.0,0.09586758241758242,0.06868653846153847,116.04215365598435,46.565934065934066,2.235611422987242,191.6518050698192,11.263736263736263,212.0,186.0,1.1397849462365592,0.16559438407421112,89.25326538085938,44.280555725097656,2080,7000,82.02725219726562,35.154972076416016,2.9651999473571777,184.5,0.13758736263736263,151.87497355529715,72.0467032967033,0.13821263736263736,0.017389470876450354,0.06924925354959205,0.13064139367243338,2080.0,7000.0,111.07434844970703,51.98337173461914,3.7065000534057617,255.0,0.1470197802197802,12720.467032967032,2.505181955343409,0.3408945054945055,0.022628636645199752,0.16067699612062208
img_hawkfj64,3,1904,7000,56.31161880493164,19.83799934387207,4.4477996826171875,123.5,0.09553211284513806,0.047093337334933975,114.9839964191971,43.59243697478992,2.2923076831619245,124.65398270391495,11.104441776710685,230.0,186.0,1.2365591397849462,0.16837704181671143,87.60075378417969,43.577125549316406,1904,7000,71.26321411132812,31.080196380615234,2.9651999473571777,158.5,0.15850090036014405,182.99234963936274,62.950180072028814,0.15296068427370949,0.019647578120280597,0.08016726110715451,0.1299108183005546,1904.0,7000.0,110.41214752197266,62.99608612060547,2.9651999473571777,255.0,0.16554321728691476,13612.545018007204,2.5348425135678236,0.5999954981992797,0.02674828982568432,0.19270032570938433
img_hzumfsms,3,2088,7000,56.358882904052734,19.86892318725586,3.3358500003814697,114.25,0.1482063492063492,0.049126436781609197,192.03674172852772,42.145593869731805,2.24760233658244,137.81016308411253,7.731253420908594,174.0,162.0,1.0740740740740742,0.15686410665512085,83.77500915527344,40.367061614990234,2088,7000,71.57048034667969,34.14030456542969,2.2238998413085938,156.75,0.20292966611932128,234.61605230245982,59.250136836343735,0.13669594964422552,0.020942981891473252,0.08530054442993755,0.12516535239385812,2088.0,7000.0,118.41524505615234,43.91411590576172,2.9651999473571777,251.75,0.15387164750957855,13681.855500821019,2.5117463476953983,0.1701551724137931,0.019822252935292082,0.14897909040397359
img_kbdh4tri,3,2060,7000,64.37830352783203,15.578906059265137,3.3358500003814697,113.75,0.08300110957004161,0.07794396671289876,92.80189804410598,47.503467406380025,2.338926655614247,139.29885377045957,23.855755894590846,220.0,192.0,1.1458333333333333,0.14075636863708496,87.45547485351562,29.19112777709961,2060,7000,73.2405014038086,25.02297592163086,2.2238998413085938,149.75,0.8144934812760055,3842.0394338397746,18.58529819694868,0.1591140083217753,0.021149638515324105,0.08319886329635545,0.09863104662310607,2060.0,7000.0,68.03997039794922,40.17329025268555,1.8532500267028809,195.0,0.11875478502080444,11494.452149791956,2.6087711697733518,0.6083051317614424,0.0248112902981463,0.15623352911035204
img_mgxahqnk,3,1904,7000,58.278995513916016,21.788677215576172,4.4477996826171875,126.5,0.09894957983193277,0.06921128451380552,112.83791670955127,44.942977190876356,2.2775546423539432,213.1412371085206,9.528811524609845,206.0,176.0,1.1704545454545454,0.14423654973506927,88.59548950195312,44.14543533325195,1904,7000,75.28358459472656,32.60605239868164,2.9651999473571777,159.25,0.15860684273709483,164.63512209829997,61.74969987995198,0.15620378151260506,0.02097713824876893,0.08571141768892317,0.11071490195589422,1904.0,7000.0,115.08267211914062,62.19398498535156,2.9651999473571777,255.0,0.17047148859543818,14033.163265306122,2.4340969934406687,0.5518640456182473,0.02703661643123167,0.19495718677207802
img_pl8uabbv,3,2272,7000,53.55528259277344,21.187183380126953,4.818449974060059,120.5,0.10092857142857142,0.05961795774647887,127.08174686169845,46.403420523138834,2.233743277073875,143.61922094451577,12.826961770623743,184.0,192.0,0.9583333333333334,0.1280248910188675,88.49629974365234,43.136024475097656,2272,7000,74.29208374023438,31.832334518432617,2.9651999473571777,157.75,0.1374844064386318,160.02310371853682,64.32344064386318,0.13642203219315896,0.02039273512349632,0.08051647296443319,0.06901476017870067,2272.0,7000.0,137.25405883789062,48.05274963378906,4.4477996826171875,255.0,0.2181639839034205,16838.27967806841,2.4363840187379653,0.10728797786720322,0.02113439286791856,0.11976413031041894
img_ptg8lmto,3,1612,7000,58.75616455078125,20.283414840698242,4.4477996826171875,128.0,0.08249805033676001,0.05508897554058844,98.65415895924299,42.18362282878412,2.5378607406849083,141.15116859599792,10.811768876285004,238.0,180.0,1.3222222222222222,0.17602390050888062,88.63529205322266,43.244972229003906,1612,7000,70.81560516357422,30.554767608642578,2.9651999473571777,160.5,0.12628890464374334,132.89988323759422,60.61680255228642,0.13910067352002836,0.020561145229472718,0.07993311098596155,0.11615163952442317,1612.0,7000.0,89.40058898925781,52.117645263671875,2.9651999473571777,254.5,0.11483410138248848,11055.654023395959,2.59305773734685,0.67736866359447,0.023816286465095107,0.1662347271113327
img_tuy3zymq,3,2060,7000,63.895652770996094,15.194185256958008,3.3358500003814697,112.75,0.08926629680998613,0.07554396671289876,100.9253008808064,44.45214979195562,2.3778768710632074,106.06764170697818,28.9875173370319,224.0,194.0,1.1546391752577319,0.15971791744232178,85.02639770507812,27.940628051757812,2060,7000,73.45252227783203,25.774892807006836,2.2238998413085938,152.25,0.15900998613037448,170.695089975428,69.83356449375867,0.1588995839112344,0.0214522958063637,0.0850963629224356,0.11038660743827416,2060.0,7000.0,70.13125610351562,42.8372917175293,1.8532500267028809,204.25,0.12121803051317614,11546.32454923717,2.5638777701952753,0.6146196948682385,0.024443343997110855,0.1699468315622788
img_ufdvpb81,3,2088,7000,58.21635818481445,18.691370010375977,3.3358500003814697,114.25,0.11787192118226601,0.056357142857142856,169.19668413956995,41.94033935413246,2.3878077074260857,151.11857752893877,9.715380405035578,190.0,184.0,1.0326086956521738,0.13884542882442474,88.71513366699219,38.05896759033203,2088,7000,79.97222900390625,32.34882354736328,2.2238998413085938,159.75,0.14198440065681445,169.4974250170315,59.59222769567597,0.1274808429118774,0.020085228990258018,0.08239133507879537,0.08712531241913606,2088.0,7000.0,126.66936492919922,39.511051177978516,2.9651999473571777,246.5,0.13690284619594964,11890.120415982485,2.3994329633706126,0.1927928297755884,0.01758801515563387,0.08513706244031644
img_utfgcjfa,3,2068,6996,55.2530403137207,21.45137596130371,4.4477996826171875,124.75,0.10015615444249436,0.059335646896319864,125.69151232710146,44.02902791647728,2.4096847047706356,201.57286610947546,9.884067491454084,222.0,186.0,1.1935483870967742,0.1307867020368576,89.38567352294922,44.99674606323242,2068,6996,72.66820526123047,32.24658966064453,2.9651999473571777,158.5,0.1454752259649891,141.29542123312896,58.33673400550522,0.13794342829779493,0.021092854253811095,0.08438657020366094,0.06828426113813323,2068.0,6996.0,112.67766571044922,62.775062561035156,3.7065000534057617,255.0,0.2587375156624454,16333.041373185893,2.4029626806658166,0.4631450079791381,0.025636552308059238,0.13062729006803148
img_vc2whyaq,3,2068,7000,56.642555236816406,21.06077766418457,4.4477996826171875,125.0,0.09995965736391269,0.06048438795247306,147.57197963417792,39.37551809892235,2.3242741457997647,157.3431590754123,8.289582757667864,210.0,186.0,1.1290322580645162,0.19432730972766876,87.06378936767578,44.016693115234375,2068,7000,75.41207122802734,31.775041580200195,2.9651999473571777,158.25,0.13884747167725892,184.65469126996925,55.33296490743299,0.13040121580547112,0.020642726766967982,0.08222224618918272,0.143340336288036,2068.0,7000.0,127.62727355957031,58.42136764526367,4.077149868011475,255.0,0.27149129593810445,17177.811550151975,2.5289266410484808,0.2781914893617021,0.02551967888668039,0.20426344776404076
img_x77cy643,3,2068,6996,55.96788787841797,21.804311752319336,4.4477996826171875,125.25,0.09947906125965321,0.06587212587905993,117.28631651355882,47.484995570831856,2.3255286085077764,138.63918698305332,9.123754607496076,190.0,184.0,1.0326086956521738,0.11474825441837311,86.1761474609375,44.49115753173828,2068,6996,73.89788055419922,33.15464401245117,2.9651999473571777,161.75,0.15217620900807646,163.828842402726,65.17954996112728,0.14931328540320912,0.022170950192668116,0.08808089356939268,0.05923637132141692,2068.0,6996.0,121.12260437011719,63.88640594482422,3.7065000534057617,255.0,0.2997919230994666,18775.166356459013,2.4678350337471704,0.40633553519944526,0.02814127312338897,0.12941845296211546
img_x7u69zsw,3,2060,7000,65.85953521728516,16.780038833618164,3.3358500003814697,115.75,0.08150596393897365,0.09235423023578364,96.19721935240729,47.22607489597781,2.3276009460387987,157.37552422212414,17.54507628294036,228.0,210.0,1.0857142857142856,0.13599641621112823,86.86670684814453,31.01543426513672,2060,7000,77.78318786621094,27.341333389282227,2.2238998413085938,159.5,0.7868793342579751,3753.202837551027,22.399445214979195,0.1604743411927878,0.02119863623272936,0.0838544423421485,0.0917377652232143,2060.0,7000.0,72.01138305664062,43.19058609008789,1.8532500267028809,207.75,0.12017170596393897,11334.674063800278,2.586690435766913,0.5908665742024966,0.025097284041578426,0.18604718859977482
img_xgj4xftb,3,1612,7000,60.14873123168945,20.92937469482422,4.4477996826171875,128.25,0.09740907479617157,0.056114143920595536,124.89888270955515,43.424317617866,2.267398486021322,195.76646877473272,8.241758241758241,214.0,184.0,1.1630434782608696,0.1448054313659668,88.86292266845703,43.25127410888672,1612,7000,71.3573989868164,33.94843292236328,2.9651999473571777,171.5,0.8126061680255229,3370.1586030211206,20.20560085076214,0.15765934065934065,0.020468381933825296,0.08120057814584283,0.10066184823281007,,,,,,,,,,,,
