sample_id,batch_id,kpi__BSE__porosity__frac,kpi__BSE__bright_phase_fraction__frac,kpi__BSE__platelet_major_axis_d50__px,kpi__SE__pore_d50__px,kpi__SE__thickness__px,kpi__InLens__edge_network_fraction__frac,kpi__InLens__platelet_orientation_anisotropy__ratio
fake_000,1,0.3037719066328018,0.048678951367086984,189.60633975664922,25.31470035145912,2035.7196752206667,0.1272319010981897,2.0608000090260274
fake_001,1,0.32841242889387723,0.04296264764193008,161.0186779343092,23.13017661238794,2104.959117521669,0.0734993845072233,1.7562416672134908
fake_002,1,0.26262267158240804,0.042677326452965486,171.83611525714036,24.051099530892536,2149.3956643648958,0.14085026738885353,1.7742930674111932
fake_003,1,0.34099390411649055,0.04334805326513387,185.2726510513953,27.710410544955426,2111.281475731305,0.10513001501292382,1.615654924748316
fake_004,1,0.2862682252299798,0.0522019512347005,164.85572724691897,24.37247327538486,2080.8929988102627,0.13081691169371615,1.8429318245012682
fake_005,1,0.31066118127119763,0.04346171390581661,178.05579549460845,27.35192641018399,2279.2117374264913,0.0948186893579176,2.1027847549478125
fake_006,1,0.3403762627134691,0.05781311400700428,183.96683445493954,24.058231556390716,2274.962482024435,0.15920516632899928,2.160326973973225
fake_007,2,0.37945311294203105,0.08357380410658956,151.87522051576744,28.98663760063975,2028.7769922091602,0.09423277072500891,1.8790244120364017
fake_008,2,0.35289591084466687,0.08696042723962868,152.23823049864217,27.014892283882894,1897.6277703428134,0.09660396184454272,2.147873575426027
fake_009,2,0.3251226781467354,0.08328969629460202,166.12141181789113,33.750418636406366,2108.4433184498207,0.1326670524564983,1.3592980238706698
fake_010,2,0.34156086922779655,0.08683686190776535,185.05942363763253,27.146278865877196,2168.6413635993986,0.09359138059973413,1.6676943956369563
fake_011,2,0.36805149964342065,0.08049054613825311,200.03588875467884,29.565557577537398,1874.0167091769329,0.11244872989534382,1.5817707764761608
fake_012,2,0.30166959500840174,0.08630411490768232,178.71748718619207,32.88367645832335,1859.4473050488082,0.15378214904887347,1.7425224584382668
fake_013,2,0.3872322483653376,0.07567214152817403,158.96775061486588,29.749356114676,2073.7743701843365,0.12322019153430688,1.6828942351753327
fake_014,3,0.22976340857769995,0.03598479785082572,207.54024274812298,24.969139099857415,2080.284648884965,0.13851270283543132,2.3746084305243413
fake_015,3,0.23158818165856282,0.04286931904940728,209.31526780310148,15.249576479276225,2146.3643517079568,0.14836718327180995,2.221855939495563
fake_016,3,0.26772895421337534,0.0520211439504396,210.41257905060513,19.724890747304773,2270.51784267743,0.1745218757789553,2.368746532460654
fake_017,3,0.3049459194333309,0.057875882217058694,212.66118020867887,22.226780832228656,1928.7871378812322,0.15729909799925973,2.046097071964659
fake_018,3,0.2273177469445376,0.05258452790912988,191.47175818778535,18.910586685965608,1974.8398703914122,0.1653683415941783,2.271734389834069
fake_019,3,0.30967372409300503,0.04986085331475906,215.62759638819233,26.20679448031757,2238.019876337963,0.1126939218744605,2.4457367438406843
fake_020,3,0.2801886002474593,0.054237713528533474,205.56841126604388,23.148271480812284,2138.3297064302856,0.1528217338292276,1.8196729403248013
fake_021,3,0.2667325581627773,0.04196268151479324,216.20245118806827,21.133700482013868,2110.017042732841,0.14300788088779715,2.0978755064203747
fake_022,3,0.26965400814940244,0.03514624815736455,204.5102767144191,21.68178323965675,1957.713623399372,0.11203534269204457,2.302610426776061
fake_023,3,0.2610724788317001,0.04469991586781842,196.45768055220586,27.449427822643433,2094.0238837128427,0.16173238525977085,1.9025854260649204
fake_024,3,0.319420171990683,0.059174879834442945,216.00402300507767,22.14301819363504,2209.9985746589514,0.1674189367018882,2.3226378155718015
fake_025,3,0.2654342112477513,0.03526112051958041,215.43281521704773,16.19512109017088,2071.2075994490356,0.15590955023200678,1.9914279718030992
fake_026,3,0.2883936940900974,0.04799670298590432,193.4469751160408,23.559525192932924,2042.8105151329903,0.18777959949676618,2.270291015237463
fake_027,3,0.25577001039496683,0.03055735024014456,180.3837020464828,25.26049235430509,2093.9275124266387,0.1543374986864093,2.5286503228485397
fake_028,3,0.23152052267778306,0.044143422001586406,192.91118484862272,23.7590118445939,2020.3757762035143,0.14773164302771943,1.8789701206229774
fake_029,3,0.29188048212053574,0.05806139358515022,192.85434878898258,22.490019836623897,1944.882465268879,0.15056373690518196,2.4755901905445046
fake_030,3,0.274071922022014,0.07310363486795889,188.19210886764265,23.740853250172922,2076.5393006600275,0.17131635693656186,2.198557728068249
fake_031,,0.3139714970703489,0.11066036739048897,168.83982410413677,22.950017929300266,1872.1679270516,0.13356079454247993,1.6999983133630505
fake_032,,0.3408133860745577,0.06002398272843958,177.71492046263646,23.58335217167187,1979.4238791566763,0.1060006691537335,1.505371385066875
fake_033,,0.31772102361378185,0.03743861930272267,182.27475536470305,16.69446442873925,1984.3374923121391,0.09787326397433417,1.9715442086736163
fake_034,,0.30890746199401575,0.04654327470535535,212.81876352280113,20.533092808473864,2311.280075639175,0.16398435966027713,2.1235995415713043
fake_035,,0.26026584431143684,0.03778776650273864,203.02865002940166,21.88349488432576,2227.9589463799507,0.14156732151004378,2.3609433862959
fake_036,,0.2955824541172288,0.043323127080649296,202.44866008584017,19.507744129436986,2381.4969688608803,0.14591720875439668,2.109385111266257
fake_037,,0.32961636174480474,0.07994123973303095,181.5168370301703,27.1685400618029,1927.7071249594096,0.09167021267171915,1.634519554646769
fake_038,,0.3826742267482785,0.060412431916947965,168.27863937484028,20.987808275415127,1982.930060328041,0.1195661828097253,1.806945557671838
fake_039,,0.30140276599787064,0.09422378505248447,176.77528176942644,27.876295941296195,1923.5206550620696,0.10940939081748662,1.2127909107965775
