round,image_id,true,P_Batch_1,P_Batch_2,P_Batch_3,pred,correct,tier
0,img_f1vzngrs,Batch_1,0.997575818828024,0.0024039377181887,2.0243453787237732e-05,Batch_1,True,high
0,img_hzumfsms,Batch_3,0.0010749895454454,0.0003954538406134,0.9985295566139412,Batch_3,True,high
0,img_r17byphk,Batch_2,0.013170689421972304,0.596657370876529,0.3901719397014987,Batch_2,True,review
1,img_b3esycq1,Batch_2,0.2783633844582906,0.3711839624180718,0.3504526531236377,Batch_2,True,review
1,img_fzrt2k6r,Batch_1,0.10230654120120561,0.4177966145204757,0.4798968442783187,Batch_3,False,review
1,img_hawkfj64,Batch_3,0.0118739911852889,0.29382374004459416,0.694302268770117,Batch_3,True,medium
2,img_ffwubibz,Batch_1,0.9210613840580527,0.07346202684309833,0.0054765890988490015,Batch_1,True,high
2,img_i9jiqjwl,Batch_2,0.1777545251619947,0.7823884763630461,0.03985699847495931,Batch_2,True,medium
2,img_ptg8lmto,Batch_3,0.03403462425898301,0.2990985618017651,0.6668668139392518,Batch_3,True,medium
3,img_rxax5ozo,Batch_2,0.042821260767077,0.6429044314681256,0.31427430776479726,Batch_2,True,medium
3,img_tuy3zymq,Batch_3,0.0023224859163611003,0.046042042242508,0.951635471841131,Batch_3,True,high
3,img_uhdslk0o,Batch_1,0.5827482116704374,0.3548490970860572,0.062402691243505296,Batch_1,True,review
4,img_avn74qx1,Batch_2,0.022185525555795296,0.9569060515758612,0.020908422868343598,Batch_2,True,high
4,img_iv6g2oq0,Batch_1,0.37006074458032306,0.530413647450386,0.09952560796929091,Batch_2,False,review
4,img_ufdvpb81,Batch_3,0.006610972209393704,0.07211523044329762,0.9212737973473087,Batch_3,True,high
5,img_3806gxp0,Batch_2,0.2066157154914768,0.37862598611800186,0.41475829839052136,Batch_3,False,review
5,img_4ih2ggld,Batch_1,0.5858071602669069,0.3290849066919918,0.08510793304110122,Batch_1,True,review
5,img_9luzk4jm,Batch_3,0.0010297468689408997,0.003154201440149901,0.9958160516909093,Batch_3,True,high
6,img_5n1q8atc,Batch_1,0.9921198861678138,0.007717399904115701,0.0001627139280704999,Batch_1,True,high
6,img_71vgq3fw,Batch_3,0.13653070778945553,0.4356842534952509,0.4277850387152936,Batch_2,False,review
6,img_epqdaau9,Batch_2,0.4708023076937327,0.4887492753737328,0.04044841693253451,Batch_2,True,review
7,img_f1vzngrs,Batch_1,0.9962241863588457,0.0037117688577903993,6.404478336389113e-05,Batch_1,True,high
7,img_kbdh4tri,Batch_3,0.04844143753072729,0.12259094897044828,0.8289676134988243,Batch_3,True,medium
7,img_r17byphk,Batch_2,0.014483781904774699,0.6934751478391532,0.29204107025607207,Batch_2,True,medium
8,img_b3esycq1,Batch_2,0.32043619268020224,0.3993967747199469,0.28016703259985093,Batch_2,True,review
8,img_fzrt2k6r,Batch_1,0.11346776870572382,0.4319724941101318,0.4545597371841444,Batch_3,False,review
8,img_x77cy643,Batch_3,0.010436532789962906,0.0814642233175379,0.9080992438924992,Batch_3,True,high
9,img_cfe5vt7s,Batch_3,0.08094048391282366,0.31615219849128834,0.6029073175958879,Batch_3,True,medium
9,img_ffwubibz,Batch_1,0.92126044019277,0.07330649516257148,0.005433064644658498,Batch_1,True,high
9,img_i9jiqjwl,Batch_2,0.1753967756380757,0.7837948618522752,0.040808362509649,Batch_2,True,medium
10,img_rxax5ozo,Batch_2,0.0432766318883806,0.6526565536482604,0.30406681446335904,Batch_2,True,medium
10,img_uhdslk0o,Batch_1,0.5908141604007731,0.3601698663082126,0.0490159732910143,Batch_1,True,review
10,img_x7u69zsw,Batch_3,0.10419872364057817,0.361397585338784,0.5344036910206378,Batch_3,True,review
11,img_avn74qx1,Batch_2,0.022086319132013497,0.9592777453521864,0.0186359355158001,Batch_2,True,high
11,img_iv6g2oq0,Batch_1,0.37345210114969324,0.5385663462604032,0.08798155258990352,Batch_2,False,review
11,img_pl8uabbv,Batch_3,0.07943150030626192,0.4193579998291036,0.5012104998646345,Batch_3,True,review
12,img_0grcilhi,Batch_3,0.5866570937841492,0.2190650071949554,0.1942778990208954,Batch_1,False,review
12,img_3806gxp0,Batch_2,0.22449481960243894,0.42727247951067454,0.3482327008868865,Batch_2,True,review
12,img_4ih2ggld,Batch_1,0.5945344029206302,0.3462797007671621,0.05918589631220779,Batch_1,True,review
13,img_5n1q8atc,Batch_1,0.9917684378825784,0.007988272365831304,0.00024328975159029987,Batch_1,True,high
13,img_epqdaau9,Batch_2,0.4651699045954184,0.4883984696225986,0.046431625781982996,Batch_2,True,review
13,img_utfgcjfa,Batch_3,0.014345816452212404,0.23304462489432257,0.752609558653465,Batch_3,True,medium
14,img_f1vzngrs,Batch_1,0.9965661573535811,0.0033486789471279003,8.51636992910393e-05,Batch_1,True,high
14,img_r17byphk,Batch_2,0.016788504015519505,0.9702322585001897,0.012979237484290909,Batch_2,True,high
14,img_xgj4xftb,Batch_3,0.011376345362738299,0.21163050535255643,0.7769931492847053,Batch_3,True,medium
15,img_b3esycq1,Batch_2,0.2865672506951833,0.371990203990971,0.3414425453138456,Batch_2,True,review
15,img_fzrt2k6r,Batch_1,0.10906030122767243,0.4284370564117559,0.4625026423605717,Batch_3,False,review
15,img_vc2whyaq,Batch_3,0.0032786929551083003,0.11459340120061022,0.8821279058442815,Batch_3,True,medium
16,img_ffwubibz,Batch_1,0.9231637712165985,0.0715110279825894,0.005325200800812102,Batch_1,True,high
16,img_i9jiqjwl,Batch_2,0.1772147758596239,0.7835070018666871,0.039278222273689004,Batch_2,True,medium
16,img_mgxahqnk,Batch_3,0.069130677841897,0.4159942603448048,0.5148750618132982,Batch_3,True,review
