round,image_id,true,P_Batch_1,P_Batch_2,P_Batch_3
0,img_f1vzngrs,Batch_1,0.9975758188319441,0.0024039377142877636,2.0243453768112223e-05
0,img_hzumfsms,Batch_3,0.0010749895444749225,0.0003954538399378647,0.9985295566155872
0,img_r17byphk,Batch_2,0.01317068940687274,0.5966573710338019,0.39017193955932533
1,img_b3esycq1,Batch_2,0.2580502531602979,0.34736445655709675,0.39458529028260536
1,img_fzrt2k6r,Batch_1,0.06355495647127543,0.27197086615628846,0.664474177372436
1,img_hawkfj64,Batch_3,0.011451028039111551,0.2543117589135561,0.7342372130473325
2,img_ffwubibz,Batch_1,0.9210613840791245,0.07346202682246161,0.005476589098413875
2,img_i9jiqjwl,Batch_2,0.1777545250204915,0.7823884765173194,0.03985699846218899
2,img_ptg8lmto,Batch_3,0.0340346242477999,0.2990985617720574,0.6668668139801426
3,img_rxax5ozo,Batch_2,0.04111021413454818,0.6154745403832682,0.34341524548218383
3,img_tuy3zymq,Batch_3,0.0021462948755128796,0.04620515685655063,0.9516485482679364
3,img_uhdslk0o,Batch_1,0.5620476781196755,0.3736921556857294,0.06426016619459511
4,img_avn74qx1,Batch_2,0.026082306144146524,0.9538149659314694,0.020102727924383963
4,img_iv6g2oq0,Batch_1,0.30027497815128257,0.5835448867599043,0.11618013508881303
4,img_ufdvpb81,Batch_3,0.00561637685817403,0.07977879896769666,0.9146048241741295
5,img_3806gxp0,Batch_2,0.20661571554543945,0.37862598607778203,0.41475829837677847
5,img_4ih2ggld,Batch_1,0.5858071602836401,0.32908490670829343,0.08510793300806652
5,img_9luzk4jm,Batch_3,0.0010297468684581424,0.003154201436661229,0.9958160516948806
6,img_5n1q8atc,Batch_1,0.990508288226979,0.009285686115686503,0.00020602565733447185
6,img_71vgq3fw,Batch_3,0.1146628056774536,0.414500558568873,0.4708366357536735
6,img_epqdaau9,Batch_2,0.5153950514327547,0.4470499979981196,0.0375549505691258
7,img_f1vzngrs,Batch_1,0.9954426747224971,0.004482928530023212,7.439674747970218e-05
7,img_kbdh4tri,Batch_3,0.03644718428660357,0.10378824647481992,0.8597645692385767
7,img_r17byphk,Batch_2,0.014072528176327695,0.7178198568163958,0.26810761500727653
8,img_b3esycq1,Batch_2,0.29694464777819374,0.38368781002531754,0.3193675421964887
8,img_fzrt2k6r,Batch_1,0.07058810178333418,0.29188611743674947,0.6375257807799163
8,img_x77cy643,Batch_3,0.01128143651143001,0.051396241764807886,0.937322321723762
9,img_cfe5vt7s,Batch_3,0.07887707796404451,0.3148319173701899,0.6062910046657656
9,img_ffwubibz,Batch_1,0.9020304237046369,0.09154617040343341,0.006423405891929486
9,img_i9jiqjwl,Batch_2,0.1734988174009547,0.7846059510012328,0.04189523159781229
10,img_rxax5ozo,Batch_2,0.0415526393792986,0.6233363622575914,0.33511099836311
10,img_uhdslk0o,Batch_1,0.5684407105045919,0.3794816869865374,0.05207760250887085
10,img_x7u69zsw,Batch_3,0.08800923263662984,0.3157531164687796,0.5962376508945905
11,img_avn74qx1,Batch_2,0.025936378868132368,0.9560238874493829,0.018039733682484637
11,img_iv6g2oq0,Batch_1,0.3033158126576029,0.5916611191883288,0.10502306815406845
11,img_pl8uabbv,Batch_3,0.06991102760767266,0.40472871298601953,0.5253602594063078
12,img_0grcilhi,Batch_3,0.7153707731495642,0.17486470142647242,0.10976452542396328
12,img_3806gxp0,Batch_2,0.31044516240804143,0.4197737135030167,0.26978112408894184
12,img_4ih2ggld,Batch_1,0.5980116469171965,0.3495716321748497,0.052416720907953844
13,img_5n1q8atc,Batch_1,0.9901645468450181,0.009538954849529217,0.00029649830545265993
13,img_epqdaau9,Batch_2,0.5097452685369485,0.44779239087355893,0.04246234058949274
13,img_utfgcjfa,Batch_3,0.01264897622700718,0.22653541417757977,0.7608156095954132
14,img_f1vzngrs,Batch_1,0.9957775467506557,0.004122723166851786,9.973008249247682e-05
14,img_r17byphk,Batch_2,0.01572234161298578,0.9729575993065699,0.011320059080444518
14,img_xgj4xftb,Batch_3,0.010250601516343605,0.26860107478659173,0.7211483236970648
15,img_b3esycq1,Batch_2,0.26537301317394707,0.3537400141644315,0.3808869726616213
15,img_fzrt2k6r,Batch_1,0.06846278328651946,0.2889239109125575,0.6426133058009231
15,img_vc2whyaq,Batch_3,0.006386673433228103,0.12185668678344576,0.8717566397833261
16,img_ffwubibz,Batch_1,0.9231637712370379,0.07151102796258436,0.005325200800377723
16,img_i9jiqjwl,Batch_2,0.1772147757260149,0.7835070020129243,0.03927822226106082
16,img_mgxahqnk,Batch_3,0.06913067782142775,0.4159942603618516,0.5148750618167207
