image_id,true,P_Batch_1,P_Batch_2,P_Batch_3,pred,correct,tiers_seen,trust_flags
img_f1vzngrs,Batch_1,0.9830751926907052,0.016695580259133678,0.00022922705016104592,Batch_1,True,high|review,
img_r17byphk,Batch_2,0.037172722214725944,0.42966345083686214,0.5331638269484119,Batch_3,False,medium|review,
img_hzumfsms,Batch_3,0.0020052363315393286,0.0019742812416397785,0.9960204824268211,Batch_3,True,high,
img_fzrt2k6r,Batch_1,0.30117792288289197,0.3898718567065002,0.308950220410608,Batch_2,False,review,
img_b3esycq1,Batch_2,0.3699966034256988,0.30767349642862935,0.32232990014567187,Batch_1,False,review,
img_hawkfj64,Batch_3,0.04373645159369997,0.3568266394526918,0.5994369089536081,Batch_3,True,review,charging
img_ffwubibz,Batch_1,0.879965626982015,0.11185075433969334,0.008183618678291755,Batch_1,True,medium,
img_i9jiqjwl,Batch_2,0.1722502532907324,0.7836137996734642,0.04413594703580346,Batch_2,True,medium,
img_ptg8lmto,Batch_3,0.019880515049672767,0.16716841172472047,0.8129510732256068,Batch_3,True,medium,
img_uhdslk0o,Batch_1,0.5122453165229057,0.42031874372343936,0.06743593975365483,Batch_1,True,review,
img_rxax5ozo,Batch_2,0.04457530070188735,0.5698670085143354,0.3855576907837772,Batch_2,True,review,
img_tuy3zymq,Batch_3,0.0032432068046044094,0.050015761676920845,0.9467410315184747,Batch_3,True,high,
img_iv6g2oq0,Batch_1,0.2690374384673251,0.6058120701024503,0.12515049143022455,Batch_2,False,medium,
img_avn74qx1,Batch_2,0.033463169983253334,0.9479398861581139,0.01859694385863283,Batch_2,True,high,
img_ufdvpb81,Batch_3,0.00706177454653012,0.08127761381114616,0.9116606116423238,Batch_3,True,high,
img_4ih2ggld,Batch_1,0.5857136731084909,0.341281845916471,0.07300448097503816,Batch_1,True,review,low_si_contrast
img_3806gxp0,Batch_2,0.2896941380666877,0.38670393605113496,0.32360192588217723,Batch_2,True,review,
img_9luzk4jm,Batch_3,0.0008661318093749031,0.0029946870725374563,0.9961391811180876,Batch_3,True,high,
img_5n1q8atc,Batch_1,0.9847381200066976,0.014817639538413651,0.00044424045488883747,Batch_1,True,high,low_si_contrast
img_epqdaau9,Batch_2,0.5107422578986982,0.4476227653388395,0.04163497676246239,Batch_1,False,review,
img_71vgq3fw,Batch_3,0.11364194769991907,0.39204895754657515,0.494309094753506,Batch_3,True,review,
img_kbdh4tri,Batch_3,0.03483526502029914,0.22505754375894246,0.7401071912207584,Batch_3,True,medium,
img_x77cy643,Batch_3,0.026931056175753733,0.07797527649857784,0.8950936673256684,Batch_3,True,medium,
img_cfe5vt7s,Batch_3,0.10807608361487857,0.3247509368644495,0.5671729795206719,Batch_3,True,review,
img_x7u69zsw,Batch_3,0.08709765408710438,0.26330975673883183,0.6495925891740638,Batch_3,True,medium,
img_pl8uabbv,Batch_3,0.07863876060264112,0.3964142447696915,0.5249469946276674,Batch_3,True,review,
img_0grcilhi,Batch_3,0.7153707732501653,0.17486470131865306,0.10976452543118134,Batch_1,False,review,
img_utfgcjfa,Batch_3,0.012306648060375215,0.20117282059747166,0.7865205313421532,Batch_3,True,medium,
img_xgj4xftb,Batch_3,0.014588724466423796,0.39070677002339876,0.5947045055101775,Batch_3,True,review,charging
img_vc2whyaq,Batch_3,0.00845642197754346,0.11114169074154594,0.8804018872809106,Batch_3,True,medium,
img_mgxahqnk,Batch_3,0.08404178862266219,0.4055037909345908,0.510454420442747,Batch_3,True,review,charging
