run,sample_id,true,pred,p_1,p_2,p_3
expB_bse_b123_photo,img_f1vzngrs,1,3,0.1555354446172714,0.4158154726028442,0.4286490678787231
expB_bse_b123_photo,img_r17byphk,2,3,0.1249764636158943,0.1900940537452697,0.6849294304847717
expB_bse_b123_photo,img_hzumfsms,3,3,0.0752748250961303,0.0927305147051811,0.8319946527481079
expB_bse_b123_photo,img_fzrt2k6r,1,3,0.2624237537384033,0.2456528395414352,0.4919233322143554
expB_bse_b123_photo,img_b3esycq1,2,3,0.2288121432065963,0.2067404389381408,0.5644474625587463
expB_bse_b123_photo,img_hawkfj64,3,3,0.0783857405185699,0.1847004294395446,0.7369138598442078
expB_bse_b123_photo,img_ffwubibz,1,3,0.2564100623130798,0.2641089856624603,0.479480892419815
expB_bse_b123_photo,img_i9jiqjwl,2,3,0.2202935814857483,0.2640402019023895,0.5156661868095398
expB_bse_b123_photo,img_ptg8lmto,3,3,0.1994324773550033,0.1485677510499954,0.6519997715950012
expB_bse_b123_photo,img_uhdslk0o,1,3,0.2936608791351318,0.1382178664207458,0.5681212544441223
expB_bse_b123_photo,img_rxax5ozo,2,3,0.1910272687673568,0.1632466912269592,0.6457260251045227
expB_bse_b123_photo,img_tuy3zymq,3,3,0.0574441887438297,0.0948506072163581,0.8477051854133606
expB_bse_b123_photo,img_iv6g2oq0,1,3,0.190920352935791,0.1758284717798233,0.6332511901855469
expB_bse_b123_photo,img_avn74qx1,2,3,0.1569561511278152,0.3088517785072326,0.5341920256614685
expB_bse_b123_photo,img_ufdvpb81,3,3,0.201695904135704,0.1456672400236129,0.6526368260383606
expB_bse_b123_photo,img_4ih2ggld,1,1,0.5562294125556946,0.0718909353017807,0.3718796968460083
expB_bse_b123_photo,img_3806gxp0,2,3,0.2004567086696624,0.2095451653003692,0.5899981260299683
expB_bse_b123_photo,img_9luzk4jm,3,3,0.108803354203701,0.1012656912207603,0.7899309992790222
expB_bse_b123_photo,img_5n1q8atc,1,1,0.647878885269165,0.1898809671401977,0.1622401475906372
expB_bse_b123_photo,img_epqdaau9,2,3,0.324010968208313,0.327525645494461,0.3484633564949035
expB_bse_b123_photo,img_71vgq3fw,3,3,0.0993895456194877,0.1424175798892974,0.7581928372383118
expB_bse_b123_photo,img_kbdh4tri,3,3,0.1221766993403434,0.0724224746227264,0.8054007887840271
expB_bse_b123_photo,img_x77cy643,3,3,0.1154726445674896,0.2934762835502624,0.5910511016845703
expB_bse_b123_photo,img_cfe5vt7s,3,3,0.2650080919265747,0.1757940053939819,0.5591979622840881
expB_bse_b123_photo,img_x7u69zsw,3,3,0.0670613944530487,0.0992298349738121,0.8337088227272034
expB_bse_b123_photo,img_pl8uabbv,3,3,0.2339915633201599,0.2957876920700073,0.4702207744121551
expB_bse_b123_photo,img_0grcilhi,3,3,0.142088234424591,0.2180067896842956,0.6399049162864685
expB_bse_b123_photo,img_utfgcjfa,3,3,0.2143764495849609,0.2632305920124054,0.522392988204956
expB_bse_b123_photo,img_xgj4xftb,3,3,0.1578714251518249,0.1027558371424675,0.739372730255127
expB_bse_b123_photo,img_vc2whyaq,3,3,0.1476474404335022,0.2528363764286041,0.5995161533355713
expB_bse_b123_photo,img_mgxahqnk,3,3,0.094192273914814,0.1236507222056388,0.7821570038795471
expB_bse_b12_geo,img_f1vzngrs,1,2,0.0222498979419469,0.9777501225471495,
expB_bse_b12_geo,img_r17byphk,2,1,0.5622572302818298,0.4377427399158478,
expB_bse_b12_geo,img_fzrt2k6r,1,1,0.6579313278198242,0.3420687317848205,
expB_bse_b12_geo,img_b3esycq1,2,1,0.5874307155609131,0.4125693440437317,
expB_bse_b12_geo,img_ffwubibz,1,1,0.5314856171607971,0.4685144424438476,
expB_bse_b12_geo,img_i9jiqjwl,2,2,0.4564749896526336,0.543524980545044,
expB_bse_b12_geo,img_uhdslk0o,1,1,0.5435386300086975,0.4564613103866577,
expB_bse_b12_geo,img_rxax5ozo,2,2,0.2371788322925567,0.7628211975097656,
expB_bse_b12_geo,img_iv6g2oq0,1,2,0.3998669385910034,0.6001331210136414,
expB_bse_b12_geo,img_avn74qx1,2,2,0.2595566511154175,0.7404433488845825,
expB_bse_b12_geo,img_4ih2ggld,1,1,0.9357312321662904,0.064268834888935,
expB_bse_b12_geo,img_3806gxp0,2,2,0.2103856205940246,0.7896144390106201,
expB_bse_b12_geo,img_5n1q8atc,1,1,0.8380258083343506,0.1619741469621658,
expB_bse_b12_geo,img_epqdaau9,2,2,0.3535076081752777,0.6464924216270447,
expB_bse_b12_geo_seed1,img_iv6g2oq0,1,2,0.322372704744339,0.6776272654533386,
expB_bse_b12_geo_seed1,img_avn74qx1,2,2,0.2289654463529586,0.7710345387458801,
expB_bse_b12_geo_seed1,img_4ih2ggld,1,1,0.8753280639648438,0.1246720030903816,
expB_bse_b12_geo_seed1,img_rxax5ozo,2,2,0.4459547400474548,0.5540453195571899,
expB_bse_b12_geo_seed1,img_5n1q8atc,1,1,0.8445685505867004,0.1554314643144607,
expB_bse_b12_geo_seed1,img_b3esycq1,2,1,0.627794086933136,0.3722058534622192,
expB_bse_b12_geo_seed1,img_fzrt2k6r,1,1,0.5442925691604614,0.4557074308395386,
expB_bse_b12_geo_seed1,img_epqdaau9,2,2,0.3238491117954254,0.676150918006897,
expB_bse_b12_geo_seed1,img_f1vzngrs,1,2,0.0651010796427726,0.9348990321159364,
expB_bse_b12_geo_seed1,img_i9jiqjwl,2,2,0.4178333282470703,0.5821666717529297,
expB_bse_b12_geo_seed1,img_uhdslk0o,1,2,0.3846341371536255,0.6153658628463745,
expB_bse_b12_geo_seed1,img_r17byphk,2,2,0.3914783895015716,0.6085216999053955,
expB_bse_b12_geo_seed1,img_ffwubibz,1,1,0.5431516170501709,0.4568484127521515,
expB_bse_b12_geo_seed1,img_3806gxp0,2,2,0.2927263975143432,0.7072736024856567,
expB_bse_b12_geo_shuf3,img_avn74qx1,1,1,0.7205579876899719,0.2794420123100281,
expB_bse_b12_geo_shuf3,img_r17byphk,2,2,0.3072891533374786,0.6927108764648438,
expB_bse_b12_geo_shuf3,img_fzrt2k6r,1,2,0.2851166129112243,0.7148833274841309,
expB_bse_b12_geo_shuf3,img_epqdaau9,2,1,0.8649393916130066,0.1350606083869934,
expB_bse_b12_geo_shuf3,img_f1vzngrs,1,1,0.5355290174484253,0.4644709825515747,
expB_bse_b12_geo_shuf3,img_iv6g2oq0,2,2,0.4450698494911194,0.5549302101135254,
expB_bse_b12_geo_shuf3,img_uhdslk0o,1,2,0.245916947722435,0.7540831565856934,
expB_bse_b12_geo_shuf3,img_rxax5ozo,2,2,0.0987273976206779,0.9012726545333862,
expB_bse_b12_geo_shuf3,img_i9jiqjwl,1,2,0.4684747159481048,0.5315253138542175,
expB_bse_b12_geo_shuf3,img_b3esycq1,2,2,0.3313924074172973,0.6686075925827026,
expB_bse_b12_geo_shuf3,img_3806gxp0,1,2,0.4699718058109283,0.5300281643867493,
expB_bse_b12_geo_shuf3,img_4ih2ggld,2,1,0.9520183801651,0.0479816943407058,
expB_bse_b12_geo_shuf3,img_5n1q8atc,1,2,0.227506622672081,0.7724934220314026,
expB_bse_b12_geo_shuf3,img_ffwubibz,2,2,0.4517937302589416,0.5482063293457031,
expB_bse_b12_geo_shuf4,img_b3esycq1,1,1,0.5659719109535217,0.434028148651123,
expB_bse_b12_geo_shuf4,img_rxax5ozo,2,2,0.4589809775352478,0.5410190224647522,
expB_bse_b12_geo_shuf4,img_ffwubibz,1,2,0.3437898755073547,0.6562101244926453,
expB_bse_b12_geo_shuf4,img_f1vzngrs,2,1,0.5152665972709656,0.4847334325313568,
expB_bse_b12_geo_shuf4,img_epqdaau9,1,2,0.0704487860202789,0.9295512437820436,
expB_bse_b12_geo_shuf4,img_r17byphk,2,1,0.6868950128555298,0.3131050169467926,
expB_bse_b12_geo_shuf4,img_i9jiqjwl,1,2,0.4833784699440002,0.5166215896606445,
expB_bse_b12_geo_shuf4,img_uhdslk0o,2,1,0.6379672884941101,0.3620326519012451,
expB_bse_b12_geo_shuf4,img_fzrt2k6r,1,1,0.5923239588737488,0.4076760113239288,
expB_bse_b12_geo_shuf4,img_avn74qx1,2,2,0.2272316068410873,0.7727683782577515,
expB_bse_b12_geo_shuf4,img_4ih2ggld,1,1,0.8674405217170715,0.1325594186782837,
expB_bse_b12_geo_shuf4,img_3806gxp0,2,2,0.1148910224437713,0.8851088881492615,
expB_bse_b12_geo_shuf4,img_5n1q8atc,1,1,0.9013451337814332,0.098654992878437,
expB_bse_b12_geo_shuf4,img_iv6g2oq0,2,2,0.1600154042243957,0.8399845957756042,
expB_bse_b12_geo_shuf5,img_b3esycq1,1,2,0.2809197306632995,0.7190802693367004,
expB_bse_b12_geo_shuf5,img_r17byphk,2,2,0.3008784353733063,0.6991215348243713,
expB_bse_b12_geo_shuf5,img_f1vzngrs,1,1,0.7570909261703491,0.242909088730812,
expB_bse_b12_geo_shuf5,img_ffwubibz,2,2,0.4703249335289001,0.5296750664710999,
expB_bse_b12_geo_shuf5,img_epqdaau9,1,1,0.6467687487602234,0.3532312512397766,
expB_bse_b12_geo_shuf5,img_iv6g2oq0,2,2,0.2246152609586715,0.7753846645355225,
expB_bse_b12_geo_shuf5,img_uhdslk0o,1,2,0.2924363911151886,0.707563579082489,
expB_bse_b12_geo_shuf5,img_rxax5ozo,2,2,0.3273432850837707,0.672656774520874,
expB_bse_b12_geo_shuf5,img_i9jiqjwl,1,2,0.3581864833831787,0.6418134570121765,
expB_bse_b12_geo_shuf5,img_4ih2ggld,2,1,0.8913093209266663,0.1086907088756561,
expB_bse_b12_geo_shuf5,img_5n1q8atc,1,2,0.087960347533226,0.9120396375656128,
expB_bse_b12_geo_shuf5,img_3806gxp0,2,1,0.8520619869232178,0.147938072681427,
expB_bse_b12_geo_shuf5,img_avn74qx1,1,2,0.2438992857933044,0.7561006546020508,
expB_bse_b12_geo_shuf5,img_fzrt2k6r,2,1,0.6008591651916504,0.3991408348083496,
expB_bse_b12_geo_shuf6,img_5n1q8atc,1,1,0.9235975742340088,0.0764024853706359,
expB_bse_b12_geo_shuf6,img_iv6g2oq0,2,1,0.6229416728019714,0.3770582973957062,
expB_bse_b12_geo_shuf6,img_ffwubibz,1,2,0.2202410101890564,0.7797589302062988,
expB_bse_b12_geo_shuf6,img_epqdaau9,2,1,0.725205659866333,0.2747943699359894,
expB_bse_b12_geo_shuf6,img_f1vzngrs,1,2,0.4588626325130462,0.5411373972892761,
expB_bse_b12_geo_shuf6,img_i9jiqjwl,2,1,0.5453249216079712,0.4546750783920288,
expB_bse_b12_geo_shuf6,img_uhdslk0o,1,1,0.5170166492462158,0.482983261346817,
expB_bse_b12_geo_shuf6,img_r17byphk,2,1,0.5151495933532715,0.4848503470420837,
expB_bse_b12_geo_shuf6,img_rxax5ozo,1,2,0.1951918303966522,0.8048083186149597,
expB_bse_b12_geo_shuf6,img_b3esycq1,2,2,0.4216057062149048,0.5783942937850952,
expB_bse_b12_geo_shuf6,img_3806gxp0,1,2,0.399998277425766,0.6000016331672668,
expB_bse_b12_geo_shuf6,img_avn74qx1,2,1,0.5160775184631348,0.4839224815368652,
expB_bse_b12_geo_shuf6,img_4ih2ggld,1,1,0.8598247170448303,0.1401752382516861,
expB_bse_b12_geo_shuf6,img_fzrt2k6r,2,2,0.470624566078186,0.529375433921814,
expB_bse_b12_geo_shuf7,img_b3esycq1,1,2,0.4910995066165924,0.5089004635810852,
expB_bse_b12_geo_shuf7,img_rxax5ozo,2,2,0.3621552884578705,0.6378448009490967,
expB_bse_b12_geo_shuf7,img_fzrt2k6r,1,1,0.5978009700775146,0.4021990597248077,
expB_bse_b12_geo_shuf7,img_epqdaau9,2,2,0.3017758429050445,0.6982240676879883,
expB_bse_b12_geo_shuf7,img_ffwubibz,1,1,0.7862021923065186,0.2137978374958038,
expB_bse_b12_geo_shuf7,img_r17byphk,2,1,0.5252454280853271,0.4747546017169952,
expB_bse_b12_geo_shuf7,img_iv6g2oq0,1,2,0.4685869216918945,0.5314131379127502,
expB_bse_b12_geo_shuf7,img_uhdslk0o,2,1,0.6631309390068054,0.3368690311908722,
expB_bse_b12_geo_shuf7,img_i9jiqjwl,1,2,0.2657909393310547,0.7342090606689453,
expB_bse_b12_geo_shuf7,img_4ih2ggld,2,1,0.9402262568473816,0.0597737617790699,
expB_bse_b12_geo_shuf7,img_5n1q8atc,1,2,0.0242916978895664,0.9757081270217896,
expB_bse_b12_geo_shuf7,img_3806gxp0,2,2,0.4669996500015259,0.5330004096031189,
expB_bse_b12_geo_shuf7,img_avn74qx1,1,2,0.0998234748840332,0.9001765847206116,
expB_bse_b12_geo_shuf7,img_f1vzngrs,2,2,0.0882745683193206,0.9117254614830016,
expB_bse_b12_photo,img_f1vzngrs,1,2,0.3956317603588104,0.6043681502342224,
expB_bse_b12_photo,img_r17byphk,2,1,0.5615740418434143,0.4384260177612304,
expB_bse_b12_photo,img_fzrt2k6r,1,1,0.5566374063491821,0.4433626532554626,
expB_bse_b12_photo,img_b3esycq1,2,1,0.541493833065033,0.458506166934967,
expB_bse_b12_photo,img_ffwubibz,1,1,0.7394295930862427,0.2605703771114349,
expB_bse_b12_photo,img_i9jiqjwl,2,1,0.7351908683776855,0.2648091614246368,
expB_bse_b12_photo,img_uhdslk0o,1,2,0.3932307362556457,0.6067692637443542,
expB_bse_b12_photo,img_rxax5ozo,2,2,0.2801640033721924,0.7198359966278076,
expB_bse_b12_photo,img_iv6g2oq0,1,1,0.5012601613998413,0.4987398684024811,
expB_bse_b12_photo,img_avn74qx1,2,2,0.4155070781707763,0.5844929814338684,
expB_bse_b12_photo,img_4ih2ggld,1,1,0.6965221762657166,0.3034778535366058,
expB_bse_b12_photo,img_3806gxp0,2,2,0.3316810727119446,0.6683189272880554,
expB_bse_b12_photo,img_5n1q8atc,1,1,0.940245807170868,0.0597542002797126,
expB_bse_b12_photo,img_epqdaau9,2,1,0.5662782788276672,0.4337217509746551,
expB_bse_b12_photo_shuf0,img_f1vzngrs,1,1,0.574528157711029,0.4254719018936157,
expB_bse_b12_photo_shuf0,img_iv6g2oq0,2,1,0.5323905944824219,0.4676094651222229,
expB_bse_b12_photo_shuf0,img_i9jiqjwl,1,1,0.6895724534988403,0.3104275465011596,
expB_bse_b12_photo_shuf0,img_avn74qx1,2,1,0.5795037746429443,0.420496255159378,
expB_bse_b12_photo_shuf0,img_ffwubibz,1,2,0.3262477219104767,0.6737522482872009,
expB_bse_b12_photo_shuf0,img_fzrt2k6r,2,2,0.4195820987224579,0.5804178714752197,
expB_bse_b12_photo_shuf0,img_uhdslk0o,1,2,0.3924117088317871,0.6075882911682129,
expB_bse_b12_photo_shuf0,img_r17byphk,2,1,0.6062377095222473,0.3937622308731079,
expB_bse_b12_photo_shuf0,img_rxax5ozo,1,2,0.3693271279335022,0.630672812461853,
expB_bse_b12_photo_shuf0,img_5n1q8atc,2,1,0.8676073551177979,0.1323926299810409,
expB_bse_b12_photo_shuf0,img_4ih2ggld,1,2,0.1181088984012603,0.8818911910057068,
expB_bse_b12_photo_shuf0,img_3806gxp0,2,1,0.6750609874725342,0.3249389827251434,
expB_bse_b12_photo_shuf0,img_epqdaau9,1,1,0.6373382806777954,0.3626617789268493,
expB_bse_b12_photo_shuf0,img_b3esycq1,2,1,0.63875812292099,0.3612419366836548,
expB_bse_b12_photo_shuf1,img_5n1q8atc,1,1,0.7590958476066589,0.240904152393341,
expB_bse_b12_photo_shuf1,img_r17byphk,2,1,0.6815622448921204,0.3184377253055572,
expB_bse_b12_photo_shuf1,img_ffwubibz,1,2,0.3723639249801636,0.6276360154151917,
expB_bse_b12_photo_shuf1,img_f1vzngrs,2,1,0.5018464922904968,0.4981535375118255,
expB_bse_b12_photo_shuf1,img_b3esycq1,1,1,0.5231047868728638,0.4768952131271362,
expB_bse_b12_photo_shuf1,img_iv6g2oq0,2,2,0.4889992177486419,0.5110008120536804,
expB_bse_b12_photo_shuf1,img_rxax5ozo,1,2,0.4634490609169006,0.5365508794784546,
expB_bse_b12_photo_shuf1,img_uhdslk0o,2,1,0.5987482070922852,0.4012517929077148,
expB_bse_b12_photo_shuf1,img_i9jiqjwl,1,2,0.4477046728134155,0.5522952675819397,
expB_bse_b12_photo_shuf1,img_epqdaau9,2,2,0.3803375959396362,0.6196624040603638,
expB_bse_b12_photo_shuf1,img_3806gxp0,1,2,0.3875769078731537,0.6124231219291687,
expB_bse_b12_photo_shuf1,img_avn74qx1,2,2,0.2892519235610962,0.7107481360435486,
expB_bse_b12_photo_shuf1,img_4ih2ggld,1,1,0.750251054763794,0.2497489601373672,
expB_bse_b12_photo_shuf1,img_fzrt2k6r,2,2,0.426439881324768,0.5735600590705872,
expB_bse_b12_photo_shuf2,img_epqdaau9,1,1,0.7409653663635254,0.2590347230434418,
expB_bse_b12_photo_shuf2,img_iv6g2oq0,2,1,0.7036583423614502,0.2963417470455169,
expB_bse_b12_photo_shuf2,img_ffwubibz,1,1,0.6903878450393677,0.3096121847629547,
expB_bse_b12_photo_shuf2,img_b3esycq1,2,1,0.5998254418373108,0.400174617767334,
expB_bse_b12_photo_shuf2,img_f1vzngrs,1,1,0.817887008190155,0.1821129918098449,
expB_bse_b12_photo_shuf2,img_i9jiqjwl,2,1,0.535821795463562,0.4641782343387604,
expB_bse_b12_photo_shuf2,img_uhdslk0o,1,2,0.2540506422519684,0.7459492683410645,
expB_bse_b12_photo_shuf2,img_r17byphk,2,2,0.3331124484539032,0.6668875813484192,
expB_bse_b12_photo_shuf2,img_rxax5ozo,1,2,0.3512416481971741,0.6487584114074707,
expB_bse_b12_photo_shuf2,img_5n1q8atc,2,2,0.1268839091062545,0.8731160759925842,
expB_bse_b12_photo_shuf2,img_3806gxp0,1,1,0.7778226733207703,0.2221773564815521,
expB_bse_b12_photo_shuf2,img_4ih2ggld,2,2,0.2047085464000702,0.7952913641929626,
expB_bse_b12_photo_shuf2,img_avn74qx1,1,1,0.6271321773529053,0.3728678524494171,
expB_bse_b12_photo_shuf2,img_fzrt2k6r,2,2,0.479451984167099,0.5205480456352234,
expB_se_b12_photo,img_f1vzngrs,1,2,0.0725616738200187,0.9274383187294006,
expB_se_b12_photo,img_r17byphk,2,2,0.2013214379549026,0.7986785769462585,
expB_se_b12_photo,img_fzrt2k6r,1,1,0.5014690160751343,0.4985309839248657,
expB_se_b12_photo,img_b3esycq1,2,2,0.3959136605262756,0.6040863990783691,
expB_se_b12_photo,img_ffwubibz,1,1,0.8559869527816772,0.1440129876136779,
expB_se_b12_photo,img_i9jiqjwl,2,1,0.5262108445167542,0.4737890958786011,
expB_se_b12_photo,img_uhdslk0o,1,2,0.4701619148254394,0.5298380851745605,
expB_se_b12_photo,img_rxax5ozo,2,2,0.2303520292043686,0.7696479558944702,
expB_se_b12_photo,img_iv6g2oq0,1,1,0.5390369296073914,0.460963100194931,
expB_se_b12_photo,img_avn74qx1,2,2,0.3153788149356842,0.6846211552619934,
expB_se_b12_photo,img_4ih2ggld,1,1,0.8859648704528809,0.1140351668000221,
expB_se_b12_photo,img_3806gxp0,2,2,0.1700392514467239,0.8299607038497925,
expB_se_b12_photo,img_5n1q8atc,1,1,0.9454944133758544,0.0545057542622089,
expB_se_b12_photo,img_epqdaau9,2,1,0.6031334400177002,0.3968664407730102,
expB_se_b12_photo_seed1,img_iv6g2oq0,1,2,0.3885546922683716,0.6114453673362732,
expB_se_b12_photo_seed1,img_avn74qx1,2,2,0.1554594784975052,0.844540536403656,
expB_se_b12_photo_seed1,img_4ih2ggld,1,1,0.9390894770622252,0.0609105415642261,
expB_se_b12_photo_seed1,img_rxax5ozo,2,1,0.6377034187316895,0.3622965216636657,
expB_se_b12_photo_seed1,img_5n1q8atc,1,1,0.9820874333381652,0.0179125927388668,
expB_se_b12_photo_seed1,img_b3esycq1,2,1,0.7458173036575317,0.2541826963424682,
expB_se_b12_photo_seed1,img_fzrt2k6r,1,2,0.2753726541996002,0.7246273159980774,
expB_se_b12_photo_seed1,img_epqdaau9,2,2,0.2112731635570526,0.7887268662452698,
expB_se_b12_photo_seed1,img_f1vzngrs,1,2,0.0394303202629089,0.9605696797370912,
expB_se_b12_photo_seed1,img_i9jiqjwl,2,2,0.0831398516893386,0.916860282421112,
expB_se_b12_photo_seed1,img_uhdslk0o,1,1,0.6496036648750305,0.3503962755203247,
expB_se_b12_photo_seed1,img_r17byphk,2,2,0.2870926558971405,0.7129073739051819,
expB_se_b12_photo_seed1,img_ffwubibz,1,2,0.3974037170410156,0.6025962829589844,
expB_se_b12_photo_seed1,img_3806gxp0,2,2,0.1216405779123306,0.8783594369888306,
expB_se_b12_photo_shuf0,img_f1vzngrs,1,1,0.8986429572105408,0.1013570204377174,
expB_se_b12_photo_shuf0,img_iv6g2oq0,2,1,0.5430684685707092,0.456931471824646,
expB_se_b12_photo_shuf0,img_i9jiqjwl,1,1,0.6693536639213562,0.3306463062763214,
expB_se_b12_photo_shuf0,img_avn74qx1,2,1,0.5574519038200378,0.4425481557846069,
expB_se_b12_photo_shuf0,img_ffwubibz,1,1,0.5978788733482361,0.4021211862564087,
expB_se_b12_photo_shuf0,img_fzrt2k6r,2,1,0.6470067501068115,0.3529932498931885,
expB_se_b12_photo_shuf0,img_uhdslk0o,1,1,0.5316483378410339,0.4683517813682556,
expB_se_b12_photo_shuf0,img_r17byphk,2,2,0.468126505613327,0.5318735241889954,
expB_se_b12_photo_shuf0,img_rxax5ozo,1,2,0.3171018362045288,0.6828982830047607,
expB_se_b12_photo_shuf0,img_5n1q8atc,2,1,0.7993636727333069,0.2006362080574035,
expB_se_b12_photo_shuf0,img_4ih2ggld,1,2,0.0696418955922126,0.9303580522537231,
expB_se_b12_photo_shuf0,img_3806gxp0,2,1,0.6284763813018799,0.3715235590934753,
expB_se_b12_photo_shuf0,img_epqdaau9,1,1,0.7140140533447266,0.2859860062599182,
expB_se_b12_photo_shuf0,img_b3esycq1,2,1,0.5562532544136047,0.4437467157840729,
expB_se_b12_photo_shuf1,img_5n1q8atc,1,1,0.7755576372146606,0.2244424521923065,
expB_se_b12_photo_shuf1,img_r17byphk,2,2,0.4760149717330932,0.523984968662262,
expB_se_b12_photo_shuf1,img_ffwubibz,1,2,0.1450350880622863,0.8549649715423584,
expB_se_b12_photo_shuf1,img_f1vzngrs,2,2,0.2867296934127807,0.7132703065872192,
expB_se_b12_photo_shuf1,img_b3esycq1,1,2,0.4790157079696655,0.5209842324256897,
expB_se_b12_photo_shuf1,img_iv6g2oq0,2,2,0.4881230890750885,0.5118769407272339,
expB_se_b12_photo_shuf1,img_rxax5ozo,1,2,0.4149020612239837,0.5850980281829834,
expB_se_b12_photo_shuf1,img_uhdslk0o,2,1,0.5039381980895996,0.4960618615150451,
expB_se_b12_photo_shuf1,img_i9jiqjwl,1,2,0.2913336157798767,0.7086663842201233,
expB_se_b12_photo_shuf1,img_epqdaau9,2,2,0.1832107007503509,0.8167892098426819,
expB_se_b12_photo_shuf1,img_3806gxp0,1,2,0.2701769769191742,0.729823112487793,
expB_se_b12_photo_shuf1,img_avn74qx1,2,2,0.3387115597724914,0.6612884998321533,
expB_se_b12_photo_shuf1,img_4ih2ggld,1,1,0.8694813847541809,0.1305186152458191,
expB_se_b12_photo_shuf1,img_fzrt2k6r,2,1,0.6551041603088379,0.344895988702774,
expB_se_b12_photo_shuf2,img_epqdaau9,1,2,0.4425495862960815,0.5574504733085632,
expB_se_b12_photo_shuf2,img_iv6g2oq0,2,2,0.4573169350624084,0.5426831245422363,
expB_se_b12_photo_shuf2,img_ffwubibz,1,2,0.3074167966842651,0.6925832629203796,
expB_se_b12_photo_shuf2,img_b3esycq1,2,2,0.0913086608052253,0.9086912870407104,
expB_se_b12_photo_shuf2,img_f1vzngrs,1,1,0.9510500431060792,0.0489499568939209,
expB_se_b12_photo_shuf2,img_i9jiqjwl,2,1,0.7619902491569519,0.2380097955465316,
expB_se_b12_photo_shuf2,img_uhdslk0o,1,1,0.6476544737815857,0.3523454964160919,
expB_se_b12_photo_shuf2,img_r17byphk,2,1,0.5771728157997131,0.4228271245956421,
expB_se_b12_photo_shuf2,img_rxax5ozo,1,2,0.2475862801074981,0.7524136900901794,
expB_se_b12_photo_shuf2,img_5n1q8atc,2,2,0.0411740392446517,0.9588260054588318,
expB_se_b12_photo_shuf2,img_3806gxp0,1,2,0.3257949948310852,0.6742050051689148,
expB_se_b12_photo_shuf2,img_4ih2ggld,2,2,0.0314463749527931,0.9685535430908204,
expB_se_b12_photo_shuf2,img_avn74qx1,1,2,0.4318385422229767,0.5681614279747009,
expB_se_b12_photo_shuf2,img_fzrt2k6r,2,2,0.2405361384153366,0.759463906288147,
expB_se_b12_photo_shuf3,img_avn74qx1,1,2,0.2674362063407898,0.7325637340545654,
expB_se_b12_photo_shuf3,img_r17byphk,2,2,0.2461941838264465,0.7538058757781982,
expB_se_b12_photo_shuf3,img_fzrt2k6r,1,2,0.2459422498941421,0.7540576457977295,
expB_se_b12_photo_shuf3,img_epqdaau9,2,1,0.5917500853538513,0.408249944448471,
expB_se_b12_photo_shuf3,img_f1vzngrs,1,2,0.3700628578662872,0.6299370527267456,
expB_se_b12_photo_shuf3,img_iv6g2oq0,2,1,0.5963014364242554,0.4036985635757446,
expB_se_b12_photo_shuf3,img_uhdslk0o,1,2,0.4669878780841827,0.5330121517181396,
expB_se_b12_photo_shuf3,img_rxax5ozo,2,1,0.6310915946960449,0.3689084649085998,
expB_se_b12_photo_shuf3,img_i9jiqjwl,1,2,0.3483375906944275,0.6516623497009277,
expB_se_b12_photo_shuf3,img_b3esycq1,2,2,0.2765921056270599,0.7234079241752625,
expB_se_b12_photo_shuf3,img_3806gxp0,1,2,0.2345452606678009,0.7654546499252319,
expB_se_b12_photo_shuf3,img_4ih2ggld,2,1,0.9514033198356628,0.0485966987907886,
expB_se_b12_photo_shuf3,img_5n1q8atc,1,2,0.1686323285102844,0.8313677310943604,
expB_se_b12_photo_shuf3,img_ffwubibz,2,1,0.5978966951370239,0.4021033644676208,
expB_se_b12_photo_shuf4,img_b3esycq1,1,1,0.5410813689231873,0.4589186310768127,
expB_se_b12_photo_shuf4,img_rxax5ozo,2,2,0.4439273774623871,0.5560726523399353,
expB_se_b12_photo_shuf4,img_ffwubibz,1,2,0.3215287923812866,0.6784712076187134,
expB_se_b12_photo_shuf4,img_f1vzngrs,2,1,0.6210252642631531,0.3789746463298797,
expB_se_b12_photo_shuf4,img_epqdaau9,1,2,0.3524986803531647,0.6475013494491577,
expB_se_b12_photo_shuf4,img_r17byphk,2,2,0.4067583084106445,0.5932416915893555,
expB_se_b12_photo_shuf4,img_i9jiqjwl,1,2,0.41220822930336,0.5877917408943176,
expB_se_b12_photo_shuf4,img_uhdslk0o,2,1,0.6629716157913208,0.3370283544063568,
expB_se_b12_photo_shuf4,img_fzrt2k6r,1,1,0.5884391069412231,0.411560982465744,
expB_se_b12_photo_shuf4,img_avn74qx1,2,2,0.2203142940998077,0.7796857357025146,
expB_se_b12_photo_shuf4,img_4ih2ggld,1,1,0.973580539226532,0.0264195334166288,
expB_se_b12_photo_shuf4,img_3806gxp0,2,2,0.3390350639820099,0.6609650254249573,
expB_se_b12_photo_shuf4,img_5n1q8atc,1,1,0.9399851560592652,0.0600147880613803,
expB_se_b12_photo_shuf4,img_iv6g2oq0,2,1,0.5783321261405945,0.4216679334640503,
expB_se_b12_photo_shuf5,img_b3esycq1,1,2,0.4813010990619659,0.5186989307403564,
expB_se_b12_photo_shuf5,img_r17byphk,2,1,0.7403094172477722,0.2596906423568725,
expB_se_b12_photo_shuf5,img_f1vzngrs,1,1,0.5998265743255615,0.4001733958721161,
expB_se_b12_photo_shuf5,img_ffwubibz,2,2,0.3807114064693451,0.6192886829376221,
expB_se_b12_photo_shuf5,img_epqdaau9,1,1,0.5622536540031433,0.4377463757991791,
expB_se_b12_photo_shuf5,img_iv6g2oq0,2,2,0.4288524389266968,0.5711475610733032,
expB_se_b12_photo_shuf5,img_uhdslk0o,1,2,0.3446932435035705,0.6553067564964294,
expB_se_b12_photo_shuf5,img_rxax5ozo,2,2,0.333298772573471,0.6667013168334961,
expB_se_b12_photo_shuf5,img_i9jiqjwl,1,1,0.7144287824630737,0.2855712473392486,
expB_se_b12_photo_shuf5,img_4ih2ggld,2,1,0.8339194655418396,0.1660804450511932,
expB_se_b12_photo_shuf5,img_5n1q8atc,1,2,0.0443093590438365,0.9556907415390016,
expB_se_b12_photo_shuf5,img_3806gxp0,2,1,0.6453060507774353,0.3546940088272095,
expB_se_b12_photo_shuf5,img_avn74qx1,1,2,0.2751336395740509,0.7248663306236267,
expB_se_b12_photo_shuf5,img_fzrt2k6r,2,1,0.7308512926101685,0.2691487073898315,
