run,view,batches,photometric,shuffle_seed,epochs,n,accuracy,confusion
expB_bse_b123_photo,BSE,"1,2,3",True,-1,6,31,0.613,"{""1"": {""1"": 2, ""2"": 0, ""3"": 0}, ""3"": {""1"": 5, ""2"": 7, ""3"": 17}}"
expB_bse_b12_geo,BSE,"1,2",False,-1,8,14,0.714,"{""1"": {""1"": 5, ""2"": 2}, ""2"": {""1"": 2, ""2"": 5}}"
expB_bse_b12_geo_seed1,BSE,"1,2",False,-1,8,14,0.714,"{""1"": {""1"": 4, ""2"": 1}, ""2"": {""1"": 3, ""2"": 6}}"
expB_bse_b12_geo_shuf3,BSE,"1,2",False,3,8,14,0.5,"{""1"": {""1"": 2, ""2"": 2}, ""2"": {""1"": 5, ""2"": 5}}"
expB_bse_b12_geo_shuf4,BSE,"1,2",False,4,8,14,0.571,"{""1"": {""1"": 4, ""2"": 3}, ""2"": {""1"": 3, ""2"": 4}}"
expB_bse_b12_geo_shuf5,BSE,"1,2",False,5,8,14,0.429,"{""1"": {""1"": 2, ""2"": 3}, ""2"": {""1"": 5, ""2"": 4}}"
expB_bse_b12_geo_shuf6,BSE,"1,2",False,6,8,14,0.357,"{""1"": {""1"": 3, ""2"": 5}, ""2"": {""1"": 4, ""2"": 2}}"
expB_bse_b12_geo_shuf7,BSE,"1,2",False,7,8,14,0.429,"{""1"": {""1"": 2, ""2"": 3}, ""2"": {""1"": 5, ""2"": 4}}"
expB_bse_b12_photo,BSE,"1,2",True,-1,8,14,0.571,"{""1"": {""1"": 5, ""2"": 4}, ""2"": {""1"": 2, ""2"": 3}}"
expB_bse_b12_photo_shuf0,BSE,"1,2",True,0,8,14,0.286,"{""1"": {""1"": 3, ""2"": 6}, ""2"": {""1"": 4, ""2"": 1}}"
expB_bse_b12_photo_shuf1,BSE,"1,2",True,1,8,14,0.5,"{""1"": {""1"": 3, ""2"": 3}, ""2"": {""1"": 4, ""2"": 4}}"
expB_bse_b12_photo_shuf2,BSE,"1,2",True,2,8,14,0.643,"{""1"": {""1"": 5, ""2"": 3}, ""2"": {""1"": 2, ""2"": 4}}"
expB_se_b12_photo,SE,"1,2",True,-1,8,14,0.714,"{""1"": {""1"": 5, ""2"": 2}, ""2"": {""1"": 2, ""2"": 5}}"
expB_se_b12_photo_seed1,SE,"1,2",True,-1,8,14,0.571,"{""1"": {""1"": 3, ""2"": 2}, ""2"": {""1"": 4, ""2"": 5}}"
expB_se_b12_photo_shuf0,SE,"1,2",True,0,8,14,0.429,"{""1"": {""1"": 5, ""2"": 6}, ""2"": {""1"": 2, ""2"": 1}}"
expB_se_b12_photo_shuf1,SE,"1,2",True,1,8,14,0.5,"{""1"": {""1"": 2, ""2"": 2}, ""2"": {""1"": 5, ""2"": 5}}"
expB_se_b12_photo_shuf2,SE,"1,2",True,2,8,14,0.5,"{""1"": {""1"": 2, ""2"": 2}, ""2"": {""1"": 5, ""2"": 5}}"
expB_se_b12_photo_shuf3,SE,"1,2",True,3,8,14,0.143,"{""1"": {""1"": 0, ""2"": 5}, ""2"": {""1"": 7, ""2"": 2}}"
expB_se_b12_photo_shuf4,SE,"1,2",True,4,8,14,0.571,"{""1"": {""1"": 4, ""2"": 3}, ""2"": {""1"": 3, ""2"": 4}}"
expB_se_b12_photo_shuf5,SE,"1,2",True,5,8,14,0.429,"{""1"": {""1"": 3, ""2"": 4}, ""2"": {""1"": 4, ""2"": 3}}"
