pair,kpi,energy_1d,p_value
1 vs 2,kpi__BSE__dominant_angle__deg,1.580623428780207,0.0355
1 vs 2,kpi__BSE__solid_chord_horizontal__px,5.134914501603266,0.0375
1 vs 2,kpi__BSE__solid_chord_vertical__px,4.444671196029728,0.052
1 vs 2,kpi__InLens__bright_edge_skeleton_length__px_per_Mpx,33.0120893761327,0.0955
1 vs 2,kpi__BSE__bright_particle_eq_diameter_d50__px,4.018828638821312,0.1295
1 vs 2,kpi__SE__edge_density__per_px,0.026179528340203345,0.166
1 vs 2,kpi__BSE__pore_fraction__frac,0.09084007702601601,0.1995
1 vs 2,kpi__BSE__pore_count__per_Mpx,1.5652494335931888,0.2795
1 vs 2,kpi__BSE__bright_phase_fraction__frac,0.1205214251388723,0.293
1 vs 2,kpi__BSE__pore_elongation__ratio,0.16155630357101203,0.405
1 vs 2,kpi__InLens__dark_fraction__frac,0.1413954966351129,0.4325
1 vs 2,kpi__BSE__pore_eq_diameter_d50__px,2.784394423292481,0.451
1 vs 2,kpi__BSE__bright_particle_count__per_Mpx,2.126775195089861,0.4515
1 vs 2,kpi__SE__edge_pixel_fraction__frac,0.05320139939303827,0.51
1 vs 2,kpi__BSE__phase_contrast_bright_vs_graphite__8bit,1.0437516170611787,0.514
1 vs 2,kpi__InLens__bright_feature_elongation__ratio,0.16184807063134038,0.5575
1 vs 2,kpi__SE__dark_region_eq_diameter_d50__px,12.563076840794064,0.559
1 vs 2,kpi__SE__dark_region_count__per_Mpx,1.8512226997529009,0.6375
1 vs 2,kpi__SE__local_roughness__frac,0.03219427380931084,0.655
1 vs 2,kpi__SE__orientation_coherence__frac,0.09127751285092968,0.6855
1 vs 2,kpi__InLens__orientation_coherence__frac,0.08191986195802625,0.688
1 vs 2,kpi__SE__dark_fraction__frac,0.17267366344749382,0.7445
1 vs 2,kpi__InLens__bright_edge_fraction__frac,0.08372661043116304,0.8425
1 vs 2,kpi__InLens__edge_density__per_px,0.013298498679944813,0.87
1 vs 2,kpi__BSE__orientation_coherence__frac,0.09125985936267839,0.9605
1 vs 2,kpi__BSE__solid_chord_anisotropy__ratio,0.0830960836255982,1.0
1 vs 3,kpi__BSE__solid_chord_vertical__px,5.529794883409423,0.0
1 vs 3,kpi__SE__edge_pixel_fraction__frac,0.13414561993553434,0.0015
1 vs 3,kpi__InLens__dark_fraction__frac,0.5278837276599535,0.0065
1 vs 3,kpi__BSE__solid_chord_horizontal__px,5.023804643126138,0.008
1 vs 3,kpi__InLens__bright_edge_skeleton_length__px_per_Mpx,46.101065893645426,0.025
1 vs 3,kpi__InLens__bright_feature_elongation__ratio,0.26222590368270854,0.025
1 vs 3,kpi__BSE__pore_count__per_Mpx,1.652303669320066,0.0295
1 vs 3,kpi__BSE__pore_elongation__ratio,0.24633393655865804,0.031
1 vs 3,kpi__InLens__bright_edge_fraction__frac,0.206428191457443,0.033
1 vs 3,kpi__BSE__bright_phase_fraction__frac,0.11955178055637714,0.0375
1 vs 3,kpi__BSE__bright_particle_eq_diameter_d50__px,4.797061591658936,0.0375
1 vs 3,kpi__BSE__pore_fraction__frac,0.1066452886547738,0.043
1 vs 3,kpi__InLens__edge_density__per_px,0.03957697877005051,0.0505
1 vs 3,kpi__SE__local_roughness__frac,0.03738354655761996,0.12
1 vs 3,kpi__BSE__bright_particle_count__per_Mpx,1.7088453966895916,0.166
1 vs 3,kpi__BSE__dominant_angle__deg,0.959037021727567,0.2365
1 vs 3,kpi__SE__orientation_coherence__frac,0.10690881365827697,0.237
1 vs 3,kpi__SE__dark_fraction__frac,0.21762461195696914,0.275
1 vs 3,kpi__InLens__orientation_coherence__frac,0.08932692845588537,0.3825
1 vs 3,kpi__SE__dark_region_count__per_Mpx,1.726573291469172,0.3885
1 vs 3,kpi__BSE__solid_chord_anisotropy__ratio,0.1250271906582654,0.456
1 vs 3,kpi__BSE__pore_eq_diameter_d50__px,2.334584517025336,0.4955
1 vs 3,kpi__BSE__phase_contrast_bright_vs_graphite__8bit,0.9061439614699144,0.516
1 vs 3,kpi__SE__dark_region_eq_diameter_d50__px,9.470666908504027,0.573
1 vs 3,kpi__BSE__orientation_coherence__frac,0.067411186647918,0.6365
1 vs 3,kpi__SE__edge_density__per_px,0.011745748150694084,0.7225
2 vs 3,kpi__InLens__bright_feature_elongation__ratio,0.36614312621712414,0.0
2 vs 3,kpi__SE__edge_pixel_fraction__frac,0.1253189687542043,0.003
2 vs 3,kpi__InLens__bright_edge_skeleton_length__px_per_Mpx,46.8583263160847,0.0095
2 vs 3,kpi__InLens__bright_edge_fraction__frac,0.23611656637484935,0.012
2 vs 3,kpi__InLens__dark_fraction__frac,0.4503796425154748,0.0145
2 vs 3,kpi__SE__local_roughness__frac,0.05589989718245724,0.0285
2 vs 3,kpi__BSE__pore_elongation__ratio,0.2188148782043099,0.045
2 vs 3,kpi__SE__edge_density__per_px,0.025661479441189013,0.0455
2 vs 3,kpi__SE__dark_fraction__frac,0.32641603293975835,0.0555
2 vs 3,kpi__SE__dark_region_eq_diameter_d50__px,20.074022173395996,0.077
2 vs 3,kpi__InLens__orientation_coherence__frac,0.12483634456408715,0.094
2 vs 3,kpi__BSE__solid_chord_vertical__px,2.559261598190226,0.133
2 vs 3,kpi__BSE__phase_contrast_bright_vs_graphite__8bit,1.390542297315521,0.1335
2 vs 3,kpi__InLens__edge_density__per_px,0.032448889202436944,0.1435
2 vs 3,kpi__BSE__bright_particle_eq_diameter_d50__px,2.7861848164426086,0.2365
2 vs 3,kpi__SE__dark_region_count__per_Mpx,1.9910759618998226,0.3155
2 vs 3,kpi__BSE__orientation_coherence__frac,0.08984325150414511,0.4095
2 vs 3,kpi__BSE__dominant_angle__deg,0.7589120107742152,0.4115
2 vs 3,kpi__BSE__solid_chord_anisotropy__ratio,0.11189941428044861,0.6345
2 vs 3,kpi__BSE__pore_fraction__frac,0.0491587212559243,0.649
2 vs 3,kpi__SE__orientation_coherence__frac,0.060409203641524155,0.683
2 vs 3,kpi__BSE__bright_particle_count__per_Mpx,0.766333102130353,0.7135
2 vs 3,kpi__BSE__solid_chord_horizontal__px,1.529134705720238,0.757
2 vs 3,kpi__BSE__pore_eq_diameter_d50__px,1.5624675034335112,0.885
2 vs 3,kpi__BSE__bright_phase_fraction__frac,0.028866307052602787,0.918
2 vs 3,kpi__BSE__pore_count__per_Mpx,0.3861632225060757,0.943
