sample_id,true_batch,evaluable,predicted_batch,runner_up_batch,margin,margin_rel,review_flag,top_contributors,score_batch_1,score_batch_2,score_batch_3,correct
img_4ih2ggld,1,True,1,3,0.15473241542568816,0.04244772889475524,True,kpi__BSE__solid_chord_vertical__px=+0.588; kpi__BSE__pore_count__per_Mpx=+0.414; kpi__InLens__dark_fraction__frac=+0.311,3.6452460344658535,3.9790276799351862,3.7999784498915417,True
img_5n1q8atc,1,True,1,2,0.4001626330091401,0.09310990811839988,True,kpi__SE__edge_density__per_px=+0.870; kpi__BSE__solid_chord_horizontal__px=+0.732; kpi__SE__dark_region_count__per_Mpx=+0.642,4.297744902726009,4.697907535735149,4.828250457486726,True
img_f1vzngrs,1,True,2,3,0.01112964130559746,0.002599407473043234,True,kpi__InLens__bright_feature_elongation__ratio=+0.889; kpi__SE__local_roughness__frac=+0.529; kpi__InLens__dark_fraction__frac=+0.389,4.506728912255963,4.281607028146121,4.292736669451719,False
img_ffwubibz,1,True,2,1,0.37638841780532717,0.17663936794560195,False,kpi__SE__edge_density__per_px=+0.521; kpi__BSE__bright_phase_fraction__frac=+0.400; kpi__InLens__bright_feature_elongation__ratio=+0.388,2.5072181540238136,2.1308297362184865,3.38027021366064,False
img_fzrt2k6r,1,True,2,1,0.003365161324557331,0.0035209711439858076,True,kpi__BSE__solid_chord_horizontal__px=+0.188; kpi__BSE__solid_chord_vertical__px=+0.163; kpi__BSE__pore_elongation__ratio=+0.094,0.959113216887405,0.9557480555628477,1.643020755158347,False
img_iv6g2oq0,1,True,2,3,0.1628289610885092,0.08533728496530524,True,kpi__InLens__bright_feature_elongation__ratio=+0.470; kpi__InLens__edge_density__per_px=+0.404; kpi__SE__edge_pixel_fraction__frac=+0.348,2.2222490893459566,1.908063528792942,2.070892489881451,False
img_uhdslk0o,1,True,2,1,0.1908329018819228,0.1380942203950063,True,kpi__BSE__solid_chord_vertical__px=+0.470; kpi__BSE__solid_chord_horizontal__px=+0.358; kpi__BSE__pore_elongation__ratio=+0.252,1.572736513315205,1.381903611433282,2.151189351905962,False
img_3806gxp0,2,True,1,2,0.09749592167246846,0.05688301750010781,True,kpi__SE__local_roughness__frac=+0.517; kpi__SE__edge_density__per_px=+0.284; kpi__InLens__orientation_coherence__frac=+0.160,1.7139723938218234,1.8114683154942919,1.943130245617085,False
img_avn74qx1,2,True,2,1,0.2677485607038059,0.16036729099819028,False,kpi__SE__edge_density__per_px=+0.359; kpi__InLens__bright_feature_elongation__ratio=+0.184; kpi__SE__local_roughness__frac=+0.137,1.9373443931034904,1.6695958323996845,2.414039769712584,True
img_b3esycq1,2,True,2,1,0.2639997258128456,0.2733766808550509,False,kpi__SE__edge_density__per_px=+0.215; kpi__BSE__solid_chord_horizontal__px=+0.202; kpi__BSE__dominant_angle__deg=+0.191,1.2296992323952043,0.9656995065823587,1.7745959579926778,True
img_epqdaau9,2,True,1,2,0.006165996216346947,0.0025156167767018235,True,kpi__SE__dark_region_count__per_Mpx=+0.511; kpi__BSE__pore_fraction__frac=+0.236; kpi__BSE__solid_chord_horizontal__px=+0.091,2.4510872536122394,2.4572532498285864,2.9313252426411127,False
img_i9jiqjwl,2,True,2,1,0.2531060901024911,0.09446066755582039,True,kpi__SE__edge_density__per_px=+1.116; kpi__SE__local_roughness__frac=+0.522; kpi__BSE__solid_chord_horizontal__px=+0.262,2.9325926600329977,2.6794865699305066,3.669604032563213,True
img_r17byphk,2,True,3,2,0.367467462155167,0.23951898568643573,False,kpi__BSE__solid_chord_vertical__px=+0.298; kpi__InLens__orientation_coherence__frac=+0.294; kpi__SE__dark_fraction__frac=+0.194,2.0769477448230034,1.9016567503322386,1.5341892881770716,False
img_rxax5ozo,2,True,1,2,0.24106590171924935,0.2109484765844923,False,kpi__SE__edge_density__per_px=+0.392; kpi__SE__local_roughness__frac=+0.340; kpi__BSE__pore_count__per_Mpx=+0.066,1.1427714749231381,1.3838373766423875,1.4066412265932873,False
img_0grcilhi,3,True,3,2,0.6290401873926794,0.22603991462222472,False,kpi__SE__dark_fraction__frac=+0.950; kpi__InLens__dark_fraction__frac=+0.883; kpi__SE__dark_region_eq_diameter_d50__px=+0.480,3.8031023029005735,3.411912355982814,2.7828721685901345,True
img_71vgq3fw,3,True,3,1,0.6819196203060258,0.18047446211118234,False,kpi__SE__dark_fraction__frac=+1.963; kpi__SE__dark_region_eq_diameter_d50__px=+1.421; kpi__InLens__dark_fraction__frac=+1.132,4.460402250640312,4.507341292290646,3.7784826303342864,True
img_9luzk4jm,3,True,3,2,0.2953481986635489,0.12140826203061059,True,kpi__SE__local_roughness__frac=+0.800; kpi__SE__edge_density__per_px=+0.568; kpi__SE__dark_fraction__frac=+0.469,2.750540638196383,2.7280343579389608,2.432686159275412,True
img_cfe5vt7s,3,True,2,1,0.5144437943244302,0.23569544406130746,False,kpi__SE__edge_density__per_px=+1.203; kpi__SE__local_roughness__frac=+0.795; kpi__InLens__bright_edge_skeleton_length__px_per_Mpx=+0.234,2.697107088361699,2.182663294037269,2.7405876545340875,False
img_hawkfj64,3,True,3,2,0.8177435928637014,0.6109666204072721,False,kpi__InLens__dark_fraction__frac=+1.005; kpi__InLens__orientation_coherence__frac=+0.514; kpi__InLens__edge_density__per_px=+0.453,2.436901329599124,2.15618593251,1.3384423396462988,True
img_hzumfsms,3,True,3,2,0.3140798995774019,0.13318907864505203,True,kpi__SE__dark_fraction__frac=+0.719; kpi__SE__local_roughness__frac=+0.593; kpi__SE__edge_density__per_px=+0.367,2.954448353626603,2.672230453455942,2.35815055387854,True
img_kbdh4tri,3,True,3,2,0.741776605060537,0.19794055157902235,False,kpi__SE__dark_fraction__frac=+1.681; kpi__InLens__dark_fraction__frac=+1.037; kpi__SE__dark_region_eq_diameter_d50__px=+0.699,4.598594680248859,4.489248253205374,3.747471648144837,True
img_mgxahqnk,3,True,3,2,1.006458951274457,0.8005961206195726,False,kpi__InLens__dark_fraction__frac=+0.822; kpi__SE__local_roughness__frac=+0.645; kpi__InLens__orientation_coherence__frac=+0.537,2.309113056705825,2.263595883808641,1.257136932534184,True
img_pl8uabbv,3,True,2,1,0.17469268483645628,0.14202617193034897,True,kpi__BSE__solid_chord_horizontal__px=+0.493; kpi__BSE__bright_particle_eq_diameter_d50__px=+0.136; kpi__BSE__dominant_angle__deg=+0.110,1.4046961585773896,1.2300034737409333,2.101183734161056,False
img_ptg8lmto,3,True,3,2,0.7695470222963348,0.42957797670827674,False,kpi__InLens__dark_fraction__frac=+1.300; kpi__InLens__bright_feature_elongation__ratio=+0.522; kpi__InLens__bright_edge_fraction__frac=+0.408,2.601324263794184,2.5609494312213354,1.7914024089250007,True
img_tuy3zymq,3,True,3,1,0.6765254437617085,0.2763102674076241,False,kpi__InLens__dark_fraction__frac=+1.101; kpi__InLens__bright_edge_skeleton_length__px_per_Mpx=+0.656; kpi__SE__edge_pixel_fraction__frac=+0.622,3.124952171110464,3.340376217163277,2.4484267273487554,True
img_ufdvpb81,3,True,2,1,0.2480264266919383,0.13199082675410378,True,kpi__BSE__solid_chord_horizontal__px=+0.426; kpi__InLens__bright_edge_skeleton_length__px_per_Mpx=+0.291; kpi__BSE__solid_chord_vertical__px=+0.224,2.127145095703736,1.8791186690117978,2.2843256208585307,False
img_utfgcjfa,3,True,3,1,0.059071585678428296,0.03803982852206065,True,kpi__InLens__dark_fraction__frac=+0.451; kpi__InLens__edge_density__per_px=+0.282; kpi__BSE__solid_chord_vertical__px=+0.236,1.6119593870566753,1.7050944368758312,1.552887801378247,True
img_vc2whyaq,3,True,3,2,0.018638748913242464,0.00973492535295312,True,kpi__InLens__orientation_coherence__frac=+0.634; kpi__InLens__bright_feature_elongation__ratio=+0.318; kpi__InLens__edge_density__per_px=+0.308,2.088073403982499,1.9332655423881755,1.914626793474933,True
img_x77cy643,3,True,3,1,0.12428152298043704,0.05633070228828412,True,kpi__InLens__edge_density__per_px=+0.554; kpi__BSE__solid_chord_horizontal__px=+0.405; kpi__SE__edge_pixel_fraction__frac=+0.361,2.330565448652097,2.530107705702543,2.2062839256716598,True
img_x7u69zsw,3,True,3,2,0.7539893779095697,0.20126311122405927,False,kpi__SE__dark_fraction__frac=+1.681; kpi__InLens__dark_fraction__frac=+0.971; kpi__SE__dark_region_eq_diameter_d50__px=+0.699,4.569156575511519,4.500276381642605,3.7462870037330354,True
img_xgj4xftb,3,True,3,2,0.35860265320282103,0.11309466310914508,True,kpi__SE__dark_fraction__frac=+1.681; kpi__SE__dark_region_eq_diameter_d50__px=+0.699; kpi__SE__edge_pixel_fraction__frac=+0.398,3.846194123406814,3.529421181188901,3.17081852798608,True
