kpi,reliability,pooled_sd_b1b2,mean_b1,mean_b2,observed_shift,min_detectable_shift_7v7,shift_rel_pct
kpi__BSE__phase_contrast_bright_vs_graphite__8bit,0.9485889159143234,3.978471148223657,41.91186305454799,43.71971130371094,1.8078482491629444,6.489100211774255,15.482729086341822
kpi__BSE__bright_particle_count__per_Mpx,0.9040073802169688,11.803151095268783,19.557112035918923,10.570296861559592,-8.98681517435933,19.25157363680005,98.43771207856396
kpi__InLens__dark_fraction__frac,0.8751861560010482,0.0810113222711,0.17440066959489636,0.22625071966255608,0.05185005006765972,0.13213381947993322,75.76451385585733
kpi__BSE__pore_fraction__frac,0.8590744681196623,0.015853780468668328,0.08194560087914379,0.09617426792494736,0.01422866704580357,0.025858367791002205,31.55552892844
kpi__BSE__solid_chord_vertical__px,0.8016636489815914,29.595688231645532,224.28571428571428,192.28571428571428,-32.0,48.272157725040614,21.522618093967154
kpi__InLens__edge_density__per_px,0.7930680117560207,0.0016191453381633313,0.021783082357887985,0.022280447790384145,0.00049736543249616,0.0026409130455703157,12.123688476135246
kpi__InLens__bright_feature_elongation__ratio,0.6916083039457821,0.10672930827064778,2.403403235408883,2.3671653341707724,-0.03623790123811066,0.17408123650986085,7.243114012045714
kpi__SE__edge_pixel_fraction__frac,0.6850130015840551,0.011164629850879574,0.1258918863062983,0.12948097791371074,0.0035890916074124424,0.018210111178529272,14.46488071059924
kpi__BSE__bright_phase_fraction__frac,0.6729156643213698,0.03501461103747905,0.0905721319058647,0.06216708974508291,-0.028405042160781796,0.05711071198793201,63.055501494973626
kpi__BSE__pore_eq_diameter_d50__px,0.6540480992417643,25.682556740483445,111.5723928385904,129.59657265065488,18.024179812064475,41.88963000472827,37.544798438919535
kpi__InLens__orientation_coherence__frac,0.595220622687739,0.03371684753325215,0.13307042385408002,0.1302125157599422,-0.0028579080941378288,0.05499398998182379,41.32698190104821
kpi__BSE__solid_chord_horizontal__px,0.5882878302226322,27.453857392255202,245.14285714285714,210.57142857142858,-34.571428571428555,44.778716542319465,18.26637621190188
kpi__SE__local_roughness__frac,0.5635457305681028,0.005220533707858563,0.0804801131774093,0.07770220341281533,-0.0027779097645939665,0.008514970984360447,10.58021745768443
kpi__BSE__pore_count__per_Mpx,0.5611526087680305,6.7609405975822865,41.70817720445644,43.63503198363029,1.9268547791738513,11.0274573897948,26.439557249738876
kpi__SE__edge_density__per_px,0.5362301395694953,0.001409097791469544,0.020852878201130246,0.019508905129139158,-0.0013439730719910885,0.002298314210753607,11.02156828705323
kpi__SE__orientation_coherence__frac,0.5042364160829482,0.04320302358231458,0.0862965745910507,0.09423225020006777,0.007935675609017076,0.07046645282383365,81.65614122897215
kpi__BSE__pore_elongation__ratio,0.4935448684498444,0.10648106416148843,2.2271694524040453,2.236196831120766,0.009027378716720769,0.17367633702930615,7.79807467464305
kpi__InLens__bright_edge_fraction__frac,0.4578736846305737,0.04864587682252497,0.22548021658098832,0.22420348792305728,-0.0012767286579310477,0.07934403891101065,35.18891373891852
kpi__InLens__bright_edge_skeleton_length__px_per_Mpx,0.4270459860257553,1908.170620781152,16635.775598588694,15671.574034721405,-964.2015638672892,3112.32881126735,18.708648675997924
kpi__BSE__orientation_coherence__frac,0.4140251291262984,0.058890540313596154,0.1397683593843664,0.16825943333762033,0.028491073953253926,0.09605363552556646,68.72344781655238
kpi__SE__dark_region_eq_diameter_d50__px,0.3028245060024248,1007.6998271397551,676.4251687164941,153.8708341852412,-522.554334531253,1643.6125632372837,242.9851281784816
kpi__SE__dark_fraction__frac,0.2733709626440966,0.1869175795241759,0.21425997658263007,0.12602597494489012,-0.08823400163773995,0.3048726155564102,142.2909777266941
kpi__BSE__dominant_angle__deg,0.2562899539353979,2.5130751382525855,84.95790318080357,87.89676230294364,2.938859122140073,4.098960581659773,4.8246960296754855
kpi__BSE__bright_particle_eq_diameter_d50__px,0.2451059548146035,30.42898096433445,191.19278632473473,162.9290232414846,-28.263763083250126,49.6313029460826,25.95877381157333
kpi__BSE__solid_chord_anisotropy__ratio,0.1875168134064418,0.06257189529543547,1.0970090138070252,1.0982289641401868,0.001219950333161579,0.10205812330548557,9.303307632022667
kpi__SE__dark_region_count__per_Mpx,0.0653962846589597,16.646627057756803,60.77070870260524,60.15734869151495,-0.6133600110902933,27.151543178601948,44.678667993611796
