src,kpi,B1,B2,B3,KW,p12,p13,p23
rule,frac_pore,0.1148125611833018,0.1242593351272421,0.142628466309226,0.00024158884972194674,0.12820512820512822,2.311443959041213e-05,0.00851767098906687
rule,graphite_crack_density,47.72676469231578,51.3595458032604,67.23670996865788,0.000636636654315065,0.05303030303030303,0.000543189330374685,0.006795645239581166
rule,graphite_aspect_ratio_median,1.588171586039672,1.606011913566886,1.6413464285376729,0.0021260342638240778,0.6200466200466201,0.0007627765064836002,0.016024085246053206
rule,si_contact_graphite,0.7507148511332612,0.7656467981508329,0.7882626603846268,0.01851845400137547,0.09731934731934733,0.010597970552203961,0.12970089915170008
rule,si_fraction_of_solids,0.0657679241023068,0.0572225041061324,0.0593428702735457,0.22229250330785652,0.09731934731934733,0.23370432008875947,0.49387467350854086
rule,si_ecd_d50,38.58000813627967,39.84959207851641,42.85659805331355,0.7733835177606254,0.9015151515151516,0.6194091949240692,0.5761158495712273
rule,si_ecd_d90,157.85837305704794,160.7969117512527,144.65406175232368,0.7265881267696432,0.7103729603729605,0.6194091949240692,0.5342324850334005
rule,si_cv_w256,1.8099949845847567,2.021655959442819,1.8970582237320244,0.05062403500346149,0.03787878787878788,0.14712340799297322,0.09949032660703143
rule,si_crack_density,18.69256148458072,17.376455465795967,22.22637062618861,0.33877904918577334,0.8047785547785549,0.23370432008875947,0.2877805515105286
rule,si_dispersion_index_w512,1.095847611732013,1.0738957249801822,1.0572890141875837,0.9517968760780006,0.9015151515151516,0.8041571319603358,0.9013649076578141
rule,cbd_fraction_of_solids,0.0995943843994621,0.0992752664436003,0.0994552778210138,0.3578591216175035,0.25932400932400934,0.23370432008875947,0.6640027275038718
rule,graphite_alignment,0.1465886455147668,0.1407157268460063,0.1473877453874187,0.9617170784409527,1.0,0.8041571319603358,0.9013649076578141
learned,frac_pore,0.099034812460608,0.1124900136733726,0.1359446751527188,0.00021441127754037032,0.07284382284382285,6.93433187712364e-05,0.004206828005455007
learned,graphite_crack_density,28.50755611510785,41.45941032891579,43.361002225782016,0.004777555618432562,0.011072261072261072,0.001421538034810346,0.3175923999722627
learned,graphite_aspect_ratio_median,1.65257649274458,1.6312786848452612,1.6689258320776046,0.03296506685934169,0.16491841491841494,0.23370432008875947,0.013076994198275661
learned,si_contact_graphite,0.2035734715165382,0.271429270440867,0.2301756704104623,0.09125068728330515,0.03787878787878788,0.14712340799297322,0.2877805515105286
learned,si_fraction_of_solids,0.0655347516736598,0.0597726615594937,0.0601901814798141,0.341580050935361,0.25932400932400934,0.23370432008875947,0.5761158495712273
learned,si_ecd_d50,34.558626896356614,34.742348116368284,36.754688911266925,0.43943051060678284,1.0,0.25981207960612995,0.41807086887178424
learned,si_ecd_d90,146.6010314229818,147.7150131599007,143.54300987638345,0.21164184282678056,0.8047785547785549,0.06454707255622588,0.49387467350854086
learned,si_cv_w256,1.7959690774289545,1.9976500351002435,1.9225067526292705,0.06864023574702773,0.03787878787878788,0.25981207960612995,0.09949032660703143
learned,si_crack_density,17.116497793187275,18.691698514174345,26.725660731111898,0.09446925048472456,0.9015151515151516,0.04717079259413356,0.1661697062154728
learned,si_dispersion_index_w512,1.0865330131140671,1.0760025103018265,1.0470117835811517,0.7725977452969143,0.6200466200466201,0.9013649076578141,0.5342324850334005
learned,cbd_fraction_of_solids,0.1284964406894397,0.1162685869562166,0.1356113322940041,0.24778467031305682,0.16491841491841494,0.8524952037537852,0.14712340799297322
learned,graphite_alignment,0.15348225905965,0.1460328720734853,0.1509236969344744,0.9009580720766907,0.9015151515151516,0.8041571319603358,0.6640027275038718
