batch,image_id,source,graphite_crack_len_density_k4,graphite_crack_len_density,graphite_crack_count_density,graphite_crack_mean_len,graphite_crack_p90_len,graphite_frac_particles_cracked,graphite_frac_area_cracked,graphite_crack_len_per_large_particle,graphite_crack_frac_horizontal,graphite_crack_cv_w256,si_crack_len_density,si_crack_count_density,si_crack_mean_len,si_crack_p90_len,graphite_crack_len_density_k8
Batch_1,img_4ih2ggld,rule,111.91522014500107,47.72676469231578,235.86064016275319,20.235154394299286,40.0,0.4338235294117647,0.9888565225651851,368.8029197080292,0.3260311412953454,0.7868146418185866,30.44477628387246,251.46961385286767,12.106741573033707,28.0,20.4001712837523
Batch_1,img_4ih2ggld,learned,71.63946761541273,24.70860001325901,126.35812148022521,19.55442176870748,34.0,0.23786407766990292,0.9311611860473478,111.25242718446601,0.3555839649347092,1.1794390552742067,25.130736263938005,106.7512335886977,23.54140127388535,44.80000000000001,7.495529383044652
Batch_1,img_5n1q8atc,rule,109.0472432639737,50.61902325447909,247.5105900349019,20.45125553914328,40.0,0.4349315068493151,0.9890686649514575,374.16438356164383,0.3115417212420063,0.9097938580417384,32.09529245163617,249.55045098184368,12.861244019138756,30.0,24.23922026486558
Batch_1,img_5n1q8atc,learned,70.08182309874435,24.483329732843668,131.9303512868991,18.55776892430279,34.0,0.2861356932153392,0.9616239784185425,135.9764705882353,0.2987593504834884,1.154311491783824,17.116497793187275,85.1839674806468,20.093567251461987,38.0,8.159708260469408
Batch_1,img_f1vzngrs,rule,81.25161961174354,41.149715048211085,206.83815286810426,19.894644424934153,38.0,0.45263157894736844,0.9937685963783383,474.29473684210524,0.2963938508692112,0.7611426867052652,18.692561484580718,118.6498891560246,15.75438596491228,37.400000000000006,22.000388252827772
Batch_1,img_f1vzngrs,learned,65.11273807825121,27.63839048335094,156.3909969624091,17.672622478386167,32.0,0.22560975609756098,0.9924076537102781,369.13253012048193,0.27215743440233237,0.8065145301340324,18.60500247967314,104.35498185714101,17.82857142857143,37.20000000000002,12.96918538498641
Batch_1,img_ffwubibz,rule,89.32264630662776,44.21534455020233,208.03641271850995,21.253656498119515,42.0,0.32954545454545453,0.9953473759590508,1153.7727272727273,0.41930847916138303,0.9701031288575362,9.789050649736508,96.95225883125616,10.096774193548388,17.799999999999997,23.491683846550675
Batch_1,img_ffwubibz,learned,67.46353517137803,28.50755611510785,149.64087511887328,19.050647820965843,34.0,0.21782178217821782,0.9959340731944554,633.8039215686274,0.43843058350100605,1.0332767756366243,10.311231477829299,68.32743750368813,15.090909090909092,24.0,14.422983287370318
Batch_1,img_fzrt2k6r,rule,118.45787661428145,56.779179867843915,250.44365456989752,22.67143879742305,44.0,0.42038216560509556,0.9942438822375668,797.0886075949367,0.252509192089834,0.8137088983798986,20.261588640332093,120.01637870579984,16.88235294117647,37.80000000000001,28.052557671508637
Batch_1,img_fzrt2k6r,learned,97.41918365892197,44.16373164284311,212.00506786050138,20.83145091225022,40.0,0.2887323943661972,0.9906388988505662,674.3380281690141,0.2443648899496155,0.9307861958454374,20.7044496444679,103.06919680779974,20.087912087912088,42.0,20.447161236485023
Batch_1,img_iv6g2oq0,rule,93.74956032398546,49.551282337932285,207.4452786730657,23.886435331230285,50.0,0.5656565656565656,0.996242096307491,901.24,0.4263681129796525,0.730429581459646,4.624571683964841,85.35283309331082,5.418181818181818,10.0,27.469594051839287
Batch_1,img_iv6g2oq0,learned,72.81965372595994,34.79094931421474,160.23020107232682,21.713103448275863,42.0,0.36633663366336633,0.9871549678818794,616.2352941176471,0.4414742810854597,0.828477235909213,8.308829978258562,60.008216509645166,13.846153846153847,26.400000000000006,19.013247170003137
Batch_1,img_uhdslk0o,rule,90.08979280028262,43.952830163385066,208.20412955721096,21.110450718177315,40.0,0.472,0.994578473188875,673.4920634920635,0.3934189565909996,0.8581645949800876,12.773732180905364,103.39393875937743,12.354430379746836,24.400000000000006,21.5092706008138
Batch_1,img_uhdslk0o,learned,74.11595762662597,31.627139466230215,162.718291294499,19.43674507310871,37.59999999999991,0.2795031055900621,0.9917024920340021,377.1604938271605,0.3766787912702854,0.8883486647200218,8.80805517617421,53.73962235463432,16.390243902439025,30.0,14.349829223377562
Batch_2,img_3806gxp0,rule,106.20571558440146,50.267605100304564,238.8025332757782,21.049862583431487,42.0,0.3883495145631068,0.995840556676925,1028.8076923076924,0.30216199030283764,0.6797817850528045,8.469689324587328,82.37995695647248,10.28125,23.400000000000006,23.270824012190086
Batch_2,img_3806gxp0,learned,92.96487835343488,42.16267807468163,210.47406809613716,20.032243618450515,38.0,0.23404255319148937,0.9944114042423896,950.4255319148937,0.3156326589456485,0.7081486526223879,7.192276522482929,48.80473354541987,14.736842105263158,28.0,19.390383022273774
Batch_2,img_avn74qx1,rule,97.55300404209676,49.32603043108162,214.40616653755754,23.00588235294118,44.0,0.5301204819277109,0.998134354624963,1300.095238095238,0.39997646966547706,0.9271816714356139,4.397118675463212,46.74102529035698,9.407407407407407,20.0,25.761171169361322
Batch_2,img_avn74qx1,learned,84.35556872876205,41.45941032891579,181.04111397555974,22.90054972513743,44.0,0.3258426966292135,0.9959750759296486,1018.1777777777778,0.387786689179682,1.0483838218075185,4.413826821807021,39.04539111598518,11.304347826086957,20.0,22.24426201001055
Batch_2,img_b3esycq1,rule,113.97269939756593,56.958319949127876,259.27518430961885,21.96828828828829,44.0,0.4438202247191011,0.9879553183341778,679.9775280898876,0.3653132693041157,0.8329479584484115,23.680500484624194,177.14482920668488,13.367875647668393,30.0,28.018537755231893
Batch_2,img_b3esycq1,learned,99.17832853181021,45.58862164209475,223.94443412595524,20.357113057989153,40.0,0.26143790849673204,0.9896998714264984,625.2051282051282,0.34631183359552525,0.7749089155518243,16.939007066853687,107.20890548641574,15.8,32.0,21.38543219500674
Batch_2,img_epqdaau9,rule,94.90461992060646,48.093225693429915,220.72956028817026,21.78830313014827,42.0,0.42613636363636365,0.990675281396132,597.9772727272727,0.30441640378548895,0.8416525898474592,29.696749555775895,182.84362329795903,16.241610738255034,34.400000000000034,25.52571908472506
Batch_2,img_epqdaau9,learned,80.65605342065705,38.08778649733166,173.6649024620703,21.931769722814497,43.0,0.29239766081871343,0.9925085241038172,478.09302325581393,0.27749453750910413,0.9136023209229991,22.910486100259792,109.0440211837684,21.010309278350515,46.40000000000009,19.843714547851484
Batch_2,img_i9jiqjwl,rule,99.89018800648914,51.3595458032604,221.45707692016788,23.19164802386279,46.0,0.39344262295081966,0.9941362878774593,1015.1475409836065,0.3923456370130975,0.9110530659141826,16.053458015190582,112.8758766693088,14.222222222222221,24.60000000000005,26.708615250036353
Batch_2,img_i9jiqjwl,learned,76.91818929328923,35.478033583100824,172.13498312634266,20.61058881741712,40.0,0.23030303030303031,0.9915095213311103,501.8072289156627,0.3848721372085858,0.855571485889471,18.691698514174345,115.06196321539481,16.244897959183675,31.19999999999999,17.57974295758393
Batch_2,img_r17byphk,rule,116.9844694215664,62.12422078928235,256.88029654703865,24.184112843355607,50.0,0.41904761904761906,0.9911717729499447,618.2285714285714,0.4159942970091702,0.6786048342960119,17.376455465795967,155.750086788452,11.156626506024097,25.599999999999994,33.93604214591354
Batch_2,img_r17byphk,learned,81.13419546279027,38.06741612039322,181.0427456656207,21.02675585284281,40.0,0.37184115523465705,0.9791071637218118,270.67625899280574,0.4347801418439716,0.8522541686009136,26.77082275225029,175.3046532736096,15.271028037383177,28.0,19.76938343137965
Batch_2,img_rxax5ozo,rule,115.02600074318663,60.55254170855808,250.4807212869118,24.174531835205993,50.0,0.47058823529411764,0.9934456076125333,683.2340425531914,0.3797596169505879,0.8060837768931759,23.78542230187573,183.92216082264372,12.93233082706767,27.599999999999994,31.352306012766263
Batch_2,img_rxax5ozo,learned,92.54883155394299,45.15991768256421,204.60896137970315,22.071329319129227,44.0,0.3698630136986301,0.9941429481369529,651.6986301369863,0.372693562078363,0.8423816700494243,20.40966475286321,133.52117128041354,15.285714285714286,29.19999999999999,24.2725554370401
Batch_3,img_0grcilhi,rule,95.93972036779357,41.01301338937641,202.44619772245312,20.258722490606548,39.59999999999991,0.32954545454545453,0.9946107025383975,856.1363636363636,0.35058730961614115,0.7797755099271787,13.323335252607759,83.68929178773718,15.92,28.200000000000003,17.35843028673358
Batch_3,img_0grcilhi,learned,76.66538028422083,30.271987958104237,168.03959270457295,18.01479488903833,32.0,0.2722222222222222,0.9831823198700786,297.4222222222222,0.3791270736028346,0.818162832221228,11.949614106470072,60.90023718173453,19.62162162162162,34.0,11.998953566490622
Batch_3,img_71vgq3fw,rule,109.39749850996861,58.12499518012028,252.58673555080182,23.01189532117367,46.0,0.4407894736842105,0.9862596206817676,378.19736842105266,0.34890260380528065,0.7618449351567047,25.322711658723247,183.49791057045832,13.8,28.399999999999977,31.992984458504417
Batch_3,img_71vgq3fw,learned,73.00712744136459,32.38002281671438,181.53753709835615,17.83654407472271,34.0,0.37658227848101267,0.9835001024520184,191.35849056603774,0.30454675436088074,0.878883405120916,33.54157650113844,221.1015561786124,15.170212765957446,29.200000000000045,16.087214320800037
Batch_3,img_9luzk4jm,rule,162.4783656413854,97.68524777433908,345.8862440645495,28.242015821857603,62.0,0.5365853658536586,0.9945478282881313,931.3398058252427,0.37785009266841946,0.6523336555449885,39.09261428822912,312.01248049922,12.529182879377432,30.0,59.34082371800654
Batch_3,img_9luzk4jm,learned,134.79060254891345,73.3928062370704,302.4382844394927,24.267035627810447,50.0,0.4671814671814672,0.9925985558834898,537.7538461538461,0.393094804690997,0.6299848769973473,33.39177491505654,178.07353122202662,18.751677852348994,38.0,41.59232553699534
Batch_3,img_cfe5vt7s,rule,121.23216398443402,64.15881478102624,266.0850807045553,24.112142857142857,50.0,0.42696629213483145,0.9929470183649788,751.8426966292135,0.40475746268656715,0.7443753201442157,24.470029333319683,124.14188521610927,19.711340206185568,50.400000000000034,34.437111266327406
Batch_3,img_cfe5vt7s,learned,92.59867781584825,43.28271282805191,204.06878420594447,21.209864603481623,40.0,0.2660098522167488,0.9835740286931075,429.72549019607845,0.38860506981949106,0.8187457591482766,26.725660731111898,125.31418918104768,21.326923076923077,48.400000000000034,21.425248755703418
Batch_3,img_hawkfj64,rule,107.10587502890593,54.89569697238328,251.5041613509504,21.826953748006378,44.0,0.4230769230769231,0.996757773121324,1051.4615384615386,0.3895375811939375,0.6903052846014106,14.468513620658722,111.88983866642745,12.931034482758621,27.000000000000043,27.565176982515645
Batch_3,img_hawkfj64,learned,82.08016103476334,37.80763846292659,207.12533999012314,18.253507014028056,34.0,0.31097560975609756,0.9912536674001466,444.0,0.42686709615843477,0.7579360428976988,11.121492002448974,69.27528688394142,16.054054054054053,36.8,17.43754615828672
Batch_3,img_hzumfsms,rule,154.33424268308463,88.75498469019337,322.97428567477994,27.480511182108625,58.0,0.4146341463414634,0.9922298859720227,824.4423076923077,0.4030880181989787,0.6042587919556122,23.291748867635842,194.0979072302987,12.0,22.599999999999994,51.364261956291365
Batch_3,img_hzumfsms,learned,120.26363058898835,62.312132166489384,269.1481255623758,23.151612903225807,44.0,0.49019607843137253,0.9902148867087944,442.3410852713178,0.43007095311242777,0.7427544735684505,29.392432022825062,185.13787748752114,15.875968992248062,36.400000000000006,33.063979005577984
Batch_3,img_kbdh4tri,rule,122.32099859682633,67.70168582466317,271.6375631486411,24.92353599403208,52.0,0.4768392370572207,0.9873629299021338,359.60869565217394,0.4315008452820738,0.7149753909415036,22.226370626188615,137.09178732688517,16.21276595744681,31.400000000000006,38.468985444340184
Batch_3,img_kbdh4tri,learned,78.80136567058419,35.07102087747165,192.57399541921114,18.21171171171171,34.0,0.39540816326530615,0.9765005172690988,163.71428571428572,0.33059232517716275,0.9030228538004929,32.00179659208938,189.81850944347084,16.859154929577464,32.0,17.10178522382769
Batch_3,img_mgxahqnk,rule,110.78475713976346,53.6397326761302,249.999286298938,21.45595432300163,44.0,0.4025974025974026,0.9963871684442892,1346.7179487179487,0.4117028164454516,0.7182843367160268,12.349943967846812,84.25887697361372,14.657142857142857,34.0,24.259718671276225
Batch_3,img_mgxahqnk,learned,95.66113733705095,43.361002225782016,225.96141460536367,19.189560439560438,36.0,0.3163265306122449,0.9941423365315044,854.8163265306123,0.4282263452741944,0.6746839252484249,12.643564496305817,74.16616045319057,17.047619047619047,33.60000000000001,19.28328225922513
Batch_3,img_pl8uabbv,rule,113.96823805702671,59.5217832860383,262.3193892089313,22.69057711118357,46.0,0.4421768707482993,0.9952885970187759,935.3243243243244,0.3750985983860203,0.7426162242883337,19.287256037709657,164.61734452567475,11.716417910447761,27.400000000000006,31.78281220412092
Batch_3,img_pl8uabbv,learned,94.2793703132244,45.62668594967816,210.12405798576083,21.71416561580496,42.0,0.32653061224489793,0.9927746765972183,526.1836734693877,0.41557588937671824,0.8255644449882108,18.901414727081097,112.65743877068203,16.77777777777778,36.60000000000005,23.891785491865623
Batch_3,img_ptg8lmto,rule,118.23775931194203,71.17356076506583,250.0239292759149,28.46669955599408,62.0,0.5157894736842106,0.9935395137907962,602.9263157894737,0.43073593073593075,0.8372027362496207,43.181529056152115,417.481173032508,10.343347639484978,24.0,44.542990300995754
Batch_3,img_ptg8lmto,learned,79.372477444095,39.06823344737248,190.2941241603497,20.53044654939107,40.0,0.40963855421686746,0.9848148595299374,241.504,0.4342861146139835,0.893075354271268,43.8150322618148,281.5642620473173,15.561290322580644,28.0,21.23363122904254
Batch_3,img_tuy3zymq,rule,129.18632214561316,71.67407319590477,282.16789624931425,25.401214719542693,54.0,0.47246376811594204,0.9885965780004119,407.8728323699422,0.378699617534569,0.7057263158737969,49.95219885277247,326.0721114449604,15.319371727748692,32.0,38.9732435476902
Batch_3,img_tuy3zymq,learned,90.04263266827869,42.773113437987305,202.99727255500642,21.070782331027143,40.0,0.35786802030456855,0.9789758548146071,200.18274111675126,0.28369553580987045,0.9324080658953188,56.77840241852924,283.57159221443777,20.0225988700565,42.0,21.572376468219097
Batch_3,img_ufdvpb81,rule,136.06200563224704,75.63795271785682,290.25274133635315,26.059341375937397,54.0,0.47305389221556887,0.9948187767439707,945.1190476190476,0.2970626803042224,0.6547072890040606,57.49908278943004,351.4689242892774,16.359649122807017,32.60000000000002,43.28333673870051
Batch_3,img_ufdvpb81,learned,117.57306505171317,58.737568550765225,261.33321607581394,22.47612049963262,44.0,0.384180790960452,0.9915790244306546,686.5842696629213,0.3005914294607962,0.7302305075020769,54.153334456045805,307.86881104749074,17.58974358974359,33.400000000000034,32.04356142449068
Batch_3,img_utfgcjfa,rule,125.60248048426752,66.45002524461225,267.57756684842275,24.83392984967788,50.0,0.4338235294117647,0.9943447519144091,1018.0882352941177,0.342609269932757,0.7282525853969537,17.413191283906254,129.2797534714252,13.46938775510204,32.0,34.42882436721832
Batch_3,img_utfgcjfa,learned,101.87330663368877,49.902930293292144,226.79610592059507,22.00343347639485,42.0,0.3287671232876712,0.9931104510953723,700.9041095890411,0.34438617500103236,0.7356604005092878,14.404396314853726,86.63326329400356,16.62686567164179,36.8,25.860596318018754
Batch_3,img_vc2whyaq,rule,125.67227335078812,67.23670996865788,263.99689803644804,25.46875,51.0,0.47058823529411764,0.9955385974475124,1049.0,0.4093053048389914,0.7323117572345775,13.017698049602696,131.68191668673248,9.885714285714286,25.200000000000017,36.571445285517896
Batch_3,img_vc2whyaq,learned,103.48794433107057,52.510259712312944,223.58801022416537,23.48527528809219,46.0,0.3709677419354839,0.9956484532194363,871.6825396825396,0.4398529355444066,0.7841236911707953,17.183328116664153,102.64377414821507,16.74074074074074,34.0,28.613157911060068
Batch_3,img_x77cy643,rule,133.1996737515405,68.398439900324,288.8260665954477,23.681532870829205,48.80000000000018,0.45263157894736844,0.9957107950984451,1489.9583333333333,0.3528189216088051,0.7253958691609096,13.536231751281477,125.9716998850222,10.745454545454546,26.200000000000017,33.670611952494745
Batch_3,img_x77cy643,learned,104.68955295117514,51.518663803208966,236.34614061037038,21.797971259509723,44.0,0.4129032258064516,0.9927092456137324,658.7435897435897,0.3651489693045367,0.7919699925143283,12.098735902708516,82.43860355972213,14.67605633802817,30.0,25.83225357643355
Batch_3,img_x7u69zsw,rule,119.1130687944438,61.858216389288685,267.5038607535732,23.124233128834355,48.600000000000364,0.42524916943521596,0.9885643301793958,396.05298013245033,0.34689664824015115,0.7037505291951354,41.953587256426886,227.64755078592142,18.429184549356222,49.60000000000002,31.778391924337434
Batch_3,img_x7u69zsw,learned,81.6183627524538,35.51514057660195,176.7938137802959,20.088452088452087,38.0,0.3304093567251462,0.9802476340293812,189.59302325581396,0.23483770852191904,0.8489885026927365,46.283880150905915,189.5326787506385,24.42,52.19999999999999,16.215511224615344
Batch_3,img_xgj4xftb,rule,134.09643109488866,74.21157431194358,299.5656490858943,24.77305877305877,52.0,0.49473684210526314,0.9911439144868441,604.2736842105263,0.4033173129042749,0.7478810853659935,18.02751813413249,155.07542480974183,11.625,30.200000000000017,41.98031528545612
Batch_3,img_xgj4xftb,learned,102.06295585556445,50.22353526281813,246.26199440379315,20.394350896252035,40.0,0.41363636363636364,0.98961364482166,340.5272727272727,0.41737456110544796,0.7024406649100884,17.721586419369444,102.99118359954187,17.20689655172414,33.800000000000026,25.856840585688875
