source,kpi,between_batch,between_image_within_batch,within_image
learned,frac_pore,0.4359129450164014,0.3762849815537214,0.18780207342987704
learned,graphite_crack_density,0.3203333582150072,0.5083175614435361,0.1713490803414575
learned,graphite_aspect_ratio_median,0.09286799429030188,0.29482764970745773,0.6123043560022401
learned,si_contact_graphite,0.09698432407658346,0.3777212957103995,0.5252943802130169
learned,si_fraction_of_solids,0.048168956935901536,0.2989168014744103,0.6529142415896879
learned,si_ecd_d50,0.038313691593130146,0.4746049476288197,0.48708136077805003
learned,si_ecd_d90,0.02963419488662227,0.262178633848048,0.7081871712653303
learned,si_cv_w256,0.051176450892666085,0.21589734030792931,0.7329262087994046
learned,si_crack_density,0.12122573191172523,0.47370838668357534,0.4050658814046993
learned,si_dispersion_index_w512,0.006450478552509688,0.3106727515723471,0.6828767698751431
learned,cbd_fraction_of_solids,0.09506170374954755,0.767883929554786,0.1370543666956663
learned,graphite_alignment,0.002226457169137026,0.37414355937873633,0.6236299834521266
rule,frac_pore,0.4310012107304354,0.444620328355257,0.12437846091430783
rule,graphite_crack_density,0.3805873264469451,0.4790273938657114,0.14038527968734257
rule,graphite_aspect_ratio_median,0.20299118869740104,0.2664577489759524,0.5305510623266473
rule,si_contact_graphite,0.19266135205181964,0.5143296368850849,0.29300901106309546
rule,si_fraction_of_solids,0.04689799746251553,0.279423250586927,0.6736787519505573
rule,si_ecd_d50,0.06695954531254043,0.5205351231410873,0.4125053315463721
rule,si_ecd_d90,0.0027516594280828917,0.34539495149208516,0.651853389079832
rule,si_cv_w256,0.052368343231433245,0.22823174561384915,0.7193999111547176
rule,si_crack_density,0.043383724281533635,0.295192580036253,0.6614236956822135
rule,si_dispersion_index_w512,0.014585445616346584,0.3991908050134365,0.5862237493702169
rule,cbd_fraction_of_solids,0.08073528271446156,0.7989358587080417,0.12032885857749648
rule,graphite_alignment,0.009424213056920205,0.41467141886157216,0.5759043680815076
