fold,image_id,true,pred,P_Batch_1,P_Batch_2,P_Batch_3,typ_top,tier,trust_flags,kpis
0,img_f1vzngrs,Batch_1,Batch_1,0.9971189504118383,0.002441818018444573,0.00043923156971708736,0.13126387854066862,high,,frac_pore|graphite_crack_density|graphite_aspect_ratio_median
0,img_r17byphk,Batch_2,Batch_3,0.0957580631079821,0.13981001685854266,0.7644319200334754,0.8455526419456233,medium,,frac_pore|graphite_crack_density|graphite_aspect_ratio_median
0,img_hzumfsms,Batch_3,Batch_3,0.007766163127580397,0.008166268096457456,0.9840675687759622,0.0802650045790616,high,,frac_pore|graphite_crack_density|graphite_aspect_ratio_median
1,img_fzrt2k6r,Batch_1,Batch_2,0.0751276370314046,0.6590946731913578,0.2657776897772373,0.5134694786990547,medium,,frac_pore|graphite_crack_density|graphite_aspect_ratio_median
1,img_b3esycq1,Batch_2,Batch_2,0.03431438062544347,0.574122566727269,0.3915630526472877,0.5497502745267497,review,,frac_pore|graphite_crack_density|graphite_aspect_ratio_median
1,img_hawkfj64,Batch_3,Batch_2,0.05068862994025874,0.6186253102961733,0.3306860597635679,0.6298276537088958,medium,charging,frac_pore|graphite_crack_density|graphite_aspect_ratio_median
2,img_ffwubibz,Batch_1,Batch_1,0.6061150443482346,0.38180466551578635,0.012080290135978842,0.30875277839851184,medium,,frac_pore|graphite_aspect_ratio_median|si_cv_w256
2,img_i9jiqjwl,Batch_2,Batch_2,0.21630248796857848,0.722794477172083,0.06090303485933863,0.8532022621090904,medium,,frac_pore|graphite_aspect_ratio_median|si_cv_w256
2,img_ptg8lmto,Batch_3,Batch_3,0.11432684541133861,0.1939115580356662,0.691761596552995,0.4993804941195573,medium,,frac_pore|graphite_aspect_ratio_median|si_cv_w256
3,img_uhdslk0o,Batch_1,Batch_1,0.4755876812511222,0.3720160608010588,0.1523962579478192,0.787595931532483,review,,frac_pore|graphite_aspect_ratio_median|si_cv_w256
3,img_rxax5ozo,Batch_2,Batch_2,0.1477249010959534,0.6711863424540415,0.18108875645000522,0.9284197864356704,medium,,frac_pore|graphite_aspect_ratio_median|si_cv_w256
3,img_tuy3zymq,Batch_3,Batch_3,0.007731262990234872,0.021372166008264543,0.9708965710015006,0.5186714507963783,high,,frac_pore|graphite_aspect_ratio_median|si_cv_w256
4,img_iv6g2oq0,Batch_1,Batch_2,0.1621348439495109,0.7325897928283457,0.10527536322214336,0.9778062766849206,medium,,frac_pore|graphite_aspect_ratio_median|si_cv_w256
4,img_avn74qx1,Batch_2,Batch_2,0.022574407115930978,0.9677335554719229,0.009692037412145997,0.21603744059100852,high,,frac_pore|graphite_aspect_ratio_median|si_cv_w256
4,img_ufdvpb81,Batch_3,Batch_3,0.08539497432797574,0.3249339370581576,0.5896710886138664,0.8425250656071781,review,,frac_pore|graphite_aspect_ratio_median|si_cv_w256
5,img_4ih2ggld,Batch_1,Batch_1,0.5109908915866261,0.27846616419849934,0.21054294421487432,0.20873268381396567,review,low_si_contrast,frac_pore|graphite_aspect_ratio_median|si_cv_w256
5,img_3806gxp0,Batch_2,Batch_2,0.06581961211819917,0.6298942235306032,0.3042861643511975,0.36735685158616743,medium,,frac_pore|graphite_aspect_ratio_median|si_cv_w256
5,img_9luzk4jm,Batch_3,Batch_3,0.008771433116155426,0.01511663399264241,0.976111932891202,0.7751746264612847,high,,frac_pore|graphite_aspect_ratio_median|si_cv_w256
6,img_5n1q8atc,Batch_1,Batch_1,0.9962636952951303,0.0032890621941080336,0.00044724251076180317,0.5371324697753657,high,low_si_contrast,frac_pore|graphite_crack_density|graphite_aspect_ratio_median
6,img_epqdaau9,Batch_2,Batch_2,0.4072381829020644,0.5625385533413819,0.030223263756553882,0.6991416956352174,review,,frac_pore|graphite_crack_density|graphite_aspect_ratio_median
6,img_71vgq3fw,Batch_3,Batch_3,0.31097906748158366,0.19412014248804538,0.4949007900303709,0.4155674390658862,review,,frac_pore|graphite_crack_density|graphite_aspect_ratio_median
7,img_f1vzngrs,Batch_1,Batch_1,0.9958284247564615,0.0033134991043870113,0.0008580761391515193,0.1386912894582794,high,,frac_pore|graphite_crack_density|graphite_aspect_ratio_median
7,img_r17byphk,Batch_2,Batch_3,0.10972910909779061,0.1646829294360905,0.7255879614661189,0.8415474199967738,medium,,frac_pore|graphite_crack_density|graphite_aspect_ratio_median
7,img_kbdh4tri,Batch_3,Batch_3,0.027226835840997377,0.041494189875400316,0.9312789742836023,0.2504446525614671,high,,frac_pore|graphite_crack_density|graphite_aspect_ratio_median
8,img_fzrt2k6r,Batch_1,Batch_1,0.6304417879200669,0.13498739102980153,0.2345708210501317,0.8382840145180916,medium,,frac_pore|graphite_aspect_ratio_median|si_cv_w256
8,img_b3esycq1,Batch_2,Batch_1,0.7014408017808739,0.0898058238554058,0.20875337436372027,0.7318286710081796,medium,,frac_pore|graphite_aspect_ratio_median|si_cv_w256
8,img_x77cy643,Batch_3,Batch_3,0.28604507441167937,0.11368492866723974,0.6002699969210809,0.3773292579512121,medium,,frac_pore|graphite_aspect_ratio_median|si_cv_w256
9,img_ffwubibz,Batch_1,Batch_1,0.5951401014636275,0.3899028196923724,0.014957078844000035,0.30824494000526054,review,,frac_pore|graphite_aspect_ratio_median|si_cv_w256
9,img_i9jiqjwl,Batch_2,Batch_2,0.21260792385612404,0.7186663572758707,0.0687257188680054,0.8570239984946829,medium,,frac_pore|graphite_aspect_ratio_median|si_cv_w256
9,img_cfe5vt7s,Batch_3,Batch_1,0.3918478191555218,0.2729591751341852,0.33519300571029303,0.6348891895293645,review,,frac_pore|graphite_aspect_ratio_median|si_cv_w256
10,img_uhdslk0o,Batch_1,Batch_1,0.4790237173321516,0.3715445523043364,0.14943173036351187,0.7865175601727201,review,,frac_pore|graphite_aspect_ratio_median|si_cv_w256
10,img_rxax5ozo,Batch_2,Batch_2,0.14689799985041188,0.6663855641993117,0.1867164359502767,0.9270964058530814,medium,,frac_pore|graphite_aspect_ratio_median|si_cv_w256
10,img_x7u69zsw,Batch_3,Batch_3,0.026820389224271823,0.032283416738493574,0.9408961940372347,0.29276920285702446,high,,frac_pore|graphite_aspect_ratio_median|si_cv_w256
11,img_iv6g2oq0,Batch_1,Batch_2,0.16157608987345154,0.7288820187755741,0.10954189135097415,0.9779076201576774,medium,,frac_pore|graphite_aspect_ratio_median|si_cv_w256
11,img_avn74qx1,Batch_2,Batch_2,0.022602357227492324,0.9665186925904194,0.010878950182088369,0.21621174269073754,high,,frac_pore|graphite_aspect_ratio_median|si_cv_w256
11,img_pl8uabbv,Batch_3,Batch_3,0.09761615835371856,0.21970576336976486,0.6826780782765167,0.9067492997332248,medium,,frac_pore|graphite_aspect_ratio_median|si_cv_w256
12,img_4ih2ggld,Batch_1,Batch_1,0.458886456477855,0.2767215691830791,0.26439197433906564,0.18900005761629465,review,low_si_contrast,frac_pore|graphite_aspect_ratio_median|si_cv_w256
12,img_3806gxp0,Batch_2,Batch_2,0.05668412163080584,0.6042184507314544,0.33909742763773976,0.3560126973952651,medium,,frac_pore|graphite_aspect_ratio_median|si_cv_w256
12,img_0grcilhi,Batch_3,Batch_3,0.04887704273367894,0.11365648319412822,0.8374664740721928,0.02041297850523508,review,,frac_pore|graphite_aspect_ratio_median|si_cv_w256
13,img_5n1q8atc,Batch_1,Batch_1,0.9783885026292949,0.02126126353544965,0.00035023383525542237,0.0988882659217289,high,low_si_contrast,frac_pore|graphite_aspect_ratio_median|si_cv_w256
13,img_epqdaau9,Batch_2,Batch_2,0.4428827392597668,0.510039910037634,0.047077350702598934,0.7495636148979925,review,,frac_pore|graphite_aspect_ratio_median|si_cv_w256
13,img_utfgcjfa,Batch_3,Batch_2,0.09352847998487945,0.6341851258861164,0.27228639412900396,0.7873744349941161,medium,,frac_pore|graphite_aspect_ratio_median|si_cv_w256
14,img_f1vzngrs,Batch_1,Batch_1,0.9955779632976021,0.0033840428866533444,0.0010379938157445982,0.13877533076900017,high,,frac_pore|graphite_crack_density|graphite_aspect_ratio_median
14,img_r17byphk,Batch_2,Batch_3,0.10480974148608359,0.15603769082001967,0.7391525676938967,0.8762724766826431,medium,,frac_pore|graphite_crack_density|graphite_aspect_ratio_median
14,img_xgj4xftb,Batch_3,Batch_3,0.0009439968329208245,0.0031389538333223177,0.9959170493337569,0.43103329926150025,high,charging,frac_pore|graphite_crack_density|graphite_aspect_ratio_median
15,img_fzrt2k6r,Batch_1,Batch_1,0.6323160121984501,0.13847537834359508,0.22920860945795482,0.8374211607520207,medium,,frac_pore|graphite_aspect_ratio_median|si_cv_w256
15,img_b3esycq1,Batch_2,Batch_1,0.669033120727505,0.08934344874815199,0.24162343052434287,0.7304605943737144,medium,,frac_pore|graphite_aspect_ratio_median|si_cv_w256
15,img_vc2whyaq,Batch_3,Batch_2,0.13614232875516735,0.44653146933219734,0.417326201912635,0.7185283971355778,review,,frac_pore|graphite_aspect_ratio_median|si_cv_w256
16,img_ffwubibz,Batch_1,Batch_1,0.592018058590253,0.39203618162583503,0.015945759783912095,0.3092913067348778,review,,frac_pore|graphite_aspect_ratio_median|si_cv_w256
16,img_i9jiqjwl,Batch_2,Batch_2,0.21414166196145948,0.7179192940417095,0.06793904399683114,0.8587125508292532,medium,,frac_pore|graphite_aspect_ratio_median|si_cv_w256
16,img_mgxahqnk,Batch_3,Batch_3,0.09592054420236408,0.2980239239133715,0.6060555318842645,0.8473283431226775,medium,charging,frac_pore|graphite_aspect_ratio_median|si_cv_w256
