round,stage1,stage2
0,"[""frac_pore"", ""graphite_aspect_ratio_median"", ""si_fraction_of_solids""]","[""frac_pore"", ""si_cv_w256"", ""si_to_cbd""]"
1,"[""frac_pore"", ""graphite_aspect_ratio_median"", ""si_cv_w256""]","[""graphite_crack_density"", ""graphite_aspect_ratio_median"", ""si_cv_mean""]"
2,"[""frac_pore"", ""graphite_aspect_ratio_median"", ""si_cv_w256""]","[""si_contact_graphite"", ""si_cv_w256"", ""si_to_cbd""]"
3,"[""frac_pore"", ""graphite_crack_density"", ""si_cv_w256""]","[""frac_pore"", ""si_cv_w256"", ""si_to_cbd""]"
4,"[""frac_pore"", ""graphite_aspect_ratio_median"", ""si_ecd_d50""]","[""frac_pore"", ""si_cv_w256"", ""si_to_cbd""]"
5,"[""frac_pore"", ""graphite_aspect_ratio_median"", ""si_cv_w256""]","[""frac_pore"", ""si_to_cbd""]"
6,"[""frac_pore"", ""graphite_crack_density"", ""si_cv_w256""]","[""si_contact_graphite"", ""si_cv_w256"", ""si_to_cbd""]"
7,"[""frac_pore"", ""graphite_crack_density"", ""si_cv_w256""]","[""frac_pore"", ""si_cv_w256"", ""si_to_cbd""]"
8,"[""frac_pore"", ""graphite_aspect_ratio_median"", ""si_cv_w256""]","[""graphite_crack_density"", ""graphite_aspect_ratio_median"", ""si_cv_mean""]"
9,"[""frac_pore"", ""graphite_aspect_ratio_median"", ""si_cv_w256""]","[""si_contact_graphite"", ""si_cv_w256"", ""si_to_cbd""]"
10,"[""frac_pore"", ""graphite_crack_density"", ""si_cv_w256""]","[""frac_pore"", ""si_cv_w256"", ""si_to_cbd""]"
11,"[""frac_pore"", ""graphite_crack_density"", ""si_cv_w256""]","[""frac_pore"", ""si_cv_w256"", ""si_to_cbd""]"
12,"[""frac_pore"", ""graphite_crack_density"", ""si_cv_w256""]","[""frac_pore"", ""si_to_cbd""]"
13,"[""frac_pore"", ""graphite_aspect_ratio_median"", ""si_cv_w256""]","[""si_contact_graphite"", ""si_cv_w256"", ""si_to_cbd""]"
14,"[""frac_pore"", ""graphite_crack_density"", ""si_cv_w256""]","[""frac_pore"", ""si_cv_w256"", ""si_to_cbd""]"
15,"[""frac_pore"", ""graphite_aspect_ratio_median"", ""si_cv_w256""]","[""graphite_crack_density"", ""graphite_aspect_ratio_median"", ""si_cv_mean""]"
16,"[""frac_pore"", ""graphite_crack_density"", ""si_cv_w256""]","[""si_contact_graphite"", ""si_cv_w256"", ""si_to_cbd""]"
