round,weights
0,"[1.111, 0.421, 0.58, 0.486, 0.0, 0.26, 0.0, 0.269, 0.0, 0.0, 0.0, 0.0, 0.145, 0.0, 0.149]"
1,"[0.804, 0.739, 0.607, 0.423, 0.064, 0.0, 0.0, 0.643, 0.0, 0.0, 0.0, 0.0, 0.593, 0.0, 0.0]"
2,"[0.884, 0.525, 0.553, 0.337, 0.0, 0.0, 0.0, 0.725, 0.0, 0.0, 0.0, 0.0, 0.007, 0.0, 0.0]"
3,"[0.884, 0.574, 0.399, 0.262, 0.0, 0.189, 0.0, 0.542, 0.0, 0.0, 0.0, 0.0, 0.297, 0.0, 0.0]"
4,"[0.933, 0.631, 0.42, 0.141, 0.0, 0.158, 0.0, 0.831, 0.0, 0.0, 0.0, 0.0, 0.031, 0.0, 0.0]"
5,"[0.972, 0.381, 0.299, 0.181, 0.0, 0.0, 0.0, 0.661, 0.0, 0.0, 0.0, 0.0, 0.038, 0.0, 0.0]"
6,"[0.909, 0.666, 0.429, 0.656, 0.0, 0.0, 0.0, 0.846, 0.0, 0.0, 0.0, 0.0, 0.0, 0.0, 0.0]"
7,"[1.193, 0.618, 0.539, 0.442, 0.0, 0.206, 0.0, 0.258, 0.0, 0.0, 0.0, 0.0, 0.143, 0.0, 0.179]"
8,"[0.878, 0.76, 0.591, 0.387, 0.0, 0.0, 0.0, 0.713, 0.0, 0.0, 0.0, 0.0, 0.576, 0.0, 0.0]"
9,"[0.879, 0.536, 0.598, 0.338, 0.0, 0.0, 0.0, 0.727, 0.0, 0.0, 0.0, 0.0, 0.0, 0.0, 0.0]"
10,"[0.872, 0.577, 0.35, 0.288, 0.0, 0.023, 0.0, 0.613, 0.0, 0.0, 0.0, 0.0, 0.271, 0.0, 0.0]"
11,"[0.909, 0.657, 0.401, 0.129, 0.0, 0.0, 0.0, 0.877, 0.0, 0.0, 0.0, 0.0, 0.0, 0.0, 0.0]"
12,"[0.743, 0.614, 0.202, 0.134, 0.0, 0.0, 0.0, 0.675, 0.0, 0.0, 0.0, 0.0, 0.075, 0.0, 0.0]"
13,"[0.918, 0.649, 0.545, 0.646, 0.0, 0.0, 0.0, 0.833, 0.0, 0.0, 0.0, 0.0, 0.0, 0.0, 0.0]"
14,"[1.198, 0.579, 0.559, 0.453, 0.0, 0.212, 0.0, 0.276, 0.0, 0.0, 0.0, 0.0, 0.147, 0.0, 0.188]"
15,"[0.849, 0.737, 0.584, 0.433, 0.0, 0.0, 0.0, 0.71, 0.0, 0.0, 0.0, 0.0, 0.571, 0.0, 0.0]"
16,"[0.835, 0.567, 0.57, 0.348, 0.0, 0.0, 0.0, 0.701, 0.0, 0.0, 0.0, 0.0, 0.013, 0.0, 0.0]"
