round,kpis
0,"[""L:frac_pore"", ""L:graphite_crack_density"", ""L:graphite_aspect_ratio_median""]"
1,"[""R:si_cv_w256"", ""L:graphite_crack_density"", ""L:graphite_aspect_ratio_median""]"
2,"[""R:graphite_crack_density"", ""R:si_cv_w256"", ""L:frac_pore""]"
3,"[""R:graphite_crack_density"", ""R:si_cv_w256"", ""L:frac_pore""]"
4,"[""R:graphite_crack_density"", ""R:si_cv_w256"", ""L:frac_pore""]"
5,"[""R:graphite_crack_density"", ""R:si_cv_w256"", ""L:frac_pore""]"
6,"[""R:graphite_crack_density"", ""R:si_cv_w256"", ""L:frac_pore""]"
7,"[""L:frac_pore"", ""L:graphite_crack_density"", ""L:graphite_aspect_ratio_median""]"
8,"[""R:si_cv_w256"", ""L:frac_pore"", ""L:graphite_aspect_ratio_median""]"
9,"[""R:graphite_crack_density"", ""R:si_cv_w256"", ""L:frac_pore""]"
10,"[""R:graphite_crack_density"", ""R:si_cv_w256"", ""L:frac_pore""]"
11,"[""R:graphite_crack_density"", ""R:si_cv_w256"", ""L:frac_pore""]"
12,"[""R:graphite_crack_density"", ""R:si_cv_w256"", ""L:frac_pore""]"
13,"[""R:graphite_crack_density"", ""R:si_cv_w256"", ""L:frac_pore""]"
14,"[""L:frac_pore"", ""L:graphite_crack_density"", ""L:graphite_aspect_ratio_median""]"
15,"[""R:si_cv_w256"", ""L:graphite_crack_density"", ""L:graphite_aspect_ratio_median""]"
16,"[""R:graphite_crack_density"", ""R:si_cv_w256"", ""L:frac_pore""]"
