table,strategy,correct,n,accuracy,balanced_accuracy,log_loss,balanced_log_loss,acc_Batch_1,acc_Batch_2,acc_Batch_3,image_correct,image_balanced_accuracy
rule,subset,37,51,0.7254901960784313,0.7254901960784315,0.5733964534097682,0.5733964534097683,0.7058823529411765,0.5294117647058824,0.9411764705882353,25,0.742296918767507
rule,subset_bal,39,51,0.7647058823529411,0.7647058823529411,0.5090695740347096,0.5090695740347098,0.7058823529411765,0.6470588235294118,0.9411764705882353,26,0.7899159663865546
rule,subset4_bal,38,51,0.7450980392156863,0.7450980392156863,0.6202718324331032,0.6202718324331034,0.7058823529411765,0.6470588235294118,0.8823529411764706,25,0.7703081232492996
rule,weights_0.03,34,51,0.6666666666666666,0.6666666666666666,0.6477681732347659,0.647768173234766,0.5882352941176471,0.5294117647058824,0.8823529411764706,24,0.7226890756302521
rule,weights_0.1,33,51,0.6470588235294118,0.6470588235294118,0.6931035152378535,0.6931035152378536,0.5882352941176471,0.5882352941176471,0.7647058823529411,21,0.6358543417366946
rule,two_stage,31,51,0.6078431372549019,0.6078431372549019,0.8966468836318434,0.8966468836318436,0.4117647058823529,0.5882352941176471,0.8235294117647058,20,0.5602240896358542
rule,lda2,30,51,0.5882352941176471,0.5882352941176471,0.8599022361741379,0.8599022361741382,0.5294117647058824,0.35294117647058826,0.8823529411764706,20,0.5322128851540616
learned,subset,39,51,0.7647058823529411,0.7647058823529411,0.6763378528643206,0.6763378528643208,0.8235294117647058,0.7058823529411765,0.7647058823529411,24,0.7787114845938374
learned,subset_bal,38,51,0.7450980392156863,0.7450980392156863,0.7095951520268983,0.7095951520268986,0.7058823529411765,0.7647058823529411,0.7647058823529411,23,0.73109243697479
learned,subset4_bal,37,51,0.7254901960784313,0.7254901960784315,0.5934803731394293,0.5934803731394293,0.7058823529411765,0.6470588235294118,0.8235294117647058,24,0.7507002801120448
learned,weights_0.03,35,51,0.6862745098039216,0.6862745098039215,0.6786328014927896,0.6786328014927896,0.7058823529411765,0.5294117647058824,0.8235294117647058,23,0.703081232492997
learned,weights_0.1,35,51,0.6862745098039216,0.6862745098039215,0.6954084892678317,0.695408489267832,0.7058823529411765,0.5294117647058824,0.8235294117647058,23,0.703081232492997
learned,two_stage,35,51,0.6862745098039216,0.6862745098039215,0.8637215453876156,0.8637215453876157,0.5882352941176471,0.7058823529411765,0.7647058823529411,22,0.6834733893557422
learned,lda2,34,51,0.6666666666666666,0.6666666666666666,0.769697812830369,0.7696978128303689,0.7058823529411765,0.5294117647058824,0.7647058823529411,21,0.6358543417366946
hybrid,subset,37,51,0.7254901960784313,0.7254901960784313,0.5908445372221962,0.5908445372221963,0.7647058823529411,0.6470588235294118,0.7647058823529411,24,0.7787114845938374
hybrid,subset_bal,36,51,0.7058823529411765,0.7058823529411765,0.6239614678001475,0.6239614678001474,0.7058823529411765,0.5294117647058824,0.8823529411764706,24,0.7226890756302521
hybrid,subset4_bal,38,51,0.7450980392156863,0.7450980392156863,0.6496589042904956,0.6496589042904958,0.8823529411764706,0.5294117647058824,0.8235294117647058,24,0.7507002801120448
hybrid,weights_0.03,35,51,0.6862745098039216,0.6862745098039215,0.632096552133775,0.632096552133775,0.7058823529411765,0.5294117647058824,0.8235294117647058,23,0.703081232492997
hybrid,weights_0.1,35,51,0.6862745098039216,0.6862745098039215,0.6728490534726582,0.6728490534726583,0.7058823529411765,0.5294117647058824,0.8235294117647058,23,0.703081232492997
hybrid,two_stage,33,51,0.6470588235294118,0.6470588235294118,0.7873410652738474,0.7873410652738477,0.5882352941176471,0.7058823529411765,0.6470588235294118,20,0.6442577030812324
hybrid,lda2,33,51,0.6470588235294118,0.6470588235294118,0.7480509326156288,0.748050932615629,0.6470588235294118,0.5294117647058824,0.7647058823529411,21,0.6358543417366946
rule+eng,subset,38,51,0.7450980392156863,0.7450980392156863,0.6899438243315642,0.6899438243315643,0.8235294117647058,0.5294117647058824,0.8823529411764706,24,0.7226890756302521
rule+eng,subset_bal,40,51,0.7843137254901961,0.7843137254901961,0.62561694495032,0.6256169449503202,0.8235294117647058,0.6470588235294118,0.8823529411764706,25,0.7703081232492996
rule+eng,subset4_bal,35,51,0.6862745098039216,0.6862745098039215,0.8356706981616838,0.8356706981616839,0.5882352941176471,0.6470588235294118,0.8235294117647058,23,0.703081232492997
rule+eng,weights_0.03,36,51,0.7058823529411765,0.7058823529411763,0.7434184644298533,0.7434184644298532,0.7647058823529411,0.5294117647058824,0.8235294117647058,23,0.703081232492997
rule+eng,weights_0.1,36,51,0.7058823529411765,0.7058823529411765,0.7586122908730808,0.7586122908730811,0.7647058823529411,0.5882352941176471,0.7647058823529411,22,0.6834733893557422
rule+eng,two_stage,32,51,0.6274509803921569,0.6274509803921569,1.1039375038767587,1.1039375038767585,0.5882352941176471,0.47058823529411764,0.8235294117647058,21,0.6078431372549019
rule+eng,lda2,27,51,0.5294117647058824,0.5294117647058824,0.9061931364179112,0.9061931364179113,0.35294117647058826,0.4117647058823529,0.8235294117647058,19,0.5126050420168067
hybrid+eng,subset,37,51,0.7254901960784313,0.7254901960784315,0.6313249233522985,0.6313249233522986,0.8235294117647058,0.6470588235294118,0.7058823529411765,23,0.7591036414565826
hybrid+eng,subset_bal,38,51,0.7450980392156863,0.7450980392156863,0.7276964152189486,0.7276964152189487,0.8823529411764706,0.5294117647058824,0.8235294117647058,24,0.7507002801120448
hybrid+eng,subset4_bal,37,51,0.7254901960784313,0.7254901960784315,0.8210668766549478,0.821066876654948,0.8235294117647058,0.5294117647058824,0.8235294117647058,24,0.7507002801120448
hybrid+eng,weights_0.03,33,51,0.6470588235294118,0.6470588235294118,0.7354088640658076,0.735408864065808,0.5882352941176471,0.5294117647058824,0.8235294117647058,22,0.6554621848739496
hybrid+eng,weights_0.1,32,51,0.6274509803921569,0.6274509803921569,0.7323925243099281,0.732392524309928,0.5882352941176471,0.5294117647058824,0.7647058823529411,21,0.6358543417366946
hybrid+eng,two_stage,33,51,0.6470588235294118,0.6470588235294118,0.8699542638585828,0.869954263858583,0.5882352941176471,0.6470588235294118,0.7058823529411765,20,0.6162464985994398
hybrid+eng,lda2,34,51,0.6666666666666666,0.6666666666666666,0.7952915327745924,0.7952915327745924,0.6470588235294118,0.5294117647058824,0.8235294117647058,22,0.6554621848739496
union,subset,34,51,0.6666666666666666,0.6666666666666666,0.701523163187274,0.701523163187274,0.7058823529411765,0.5882352941176471,0.7058823529411765,19,0.5686274509803922
union,subset_bal,37,51,0.7254901960784313,0.7254901960784313,0.6879627948744765,0.6879627948744766,0.7647058823529411,0.5294117647058824,0.8823529411764706,24,0.7226890756302521
union,subset4_bal,38,51,0.7450980392156863,0.7450980392156863,0.5687450743058987,0.5687450743058987,0.7058823529411765,0.6470588235294118,0.8823529411764706,25,0.7703081232492996
union,weights_0.03,36,51,0.7058823529411765,0.7058823529411765,0.6651002889664802,0.6651002889664804,0.7058823529411765,0.5294117647058824,0.8823529411764706,24,0.7226890756302521
union,weights_0.1,36,51,0.7058823529411765,0.7058823529411765,0.659075321295338,0.659075321295338,0.7058823529411765,0.5294117647058824,0.8823529411764706,24,0.7226890756302521
union,two_stage,35,51,0.6862745098039216,0.6862745098039217,0.8888159129680497,0.8888159129680497,0.8235294117647058,0.5294117647058824,0.7058823529411765,21,0.6638655462184874
union,lda2,28,51,0.5490196078431373,0.5490196078431372,0.8933162063348427,0.893316206334843,0.4117647058823529,0.35294117647058826,0.8823529411764706,20,0.5322128851540616
"ensemble_mean(rule,learned)",subset,43,51,0.8431372549019608,0.8431372549019608,0.58204870716636,0.5820487071663601,0.8235294117647058,0.7647058823529411,0.9411764705882353,27,0.8375350140056023
"ensemble_geo(rule,learned)",subset,43,51,0.8431372549019608,0.8431372549019608,0.5643298521070917,0.5643298521070919,0.8235294117647058,0.7647058823529411,0.9411764705882353,27,0.8375350140056023
"ensemble_mean(rule,learned)",subset_bal,42,51,0.8235294117647058,0.823529411764706,0.5521502053797931,0.5521502053797933,0.7058823529411765,0.8823529411764706,0.8823529411764706,26,0.8179271708683474
"ensemble_geo(rule,learned)",subset_bal,41,51,0.803921568627451,0.8039215686274509,0.5394611591467084,0.5394611591467084,0.7058823529411765,0.8235294117647058,0.8823529411764706,26,0.8179271708683474
"ensemble_mean(rule,learned)",subset4_bal,39,51,0.7647058823529411,0.7647058823529411,0.5496452448756755,0.5496452448756758,0.7058823529411765,0.7058823529411765,0.8823529411764706,25,0.7703081232492996
"ensemble_geo(rule,learned)",subset4_bal,38,51,0.7450980392156863,0.7450980392156863,0.5313181389517343,0.5313181389517344,0.7058823529411765,0.6470588235294118,0.8823529411764706,25,0.7703081232492996
"ensemble_mean(rule,learned)",weights_0.03,37,51,0.7254901960784313,0.7254901960784315,0.6268289681293718,0.6268289681293719,0.7058823529411765,0.5882352941176471,0.8823529411764706,24,0.7226890756302521
"ensemble_geo(rule,learned)",weights_0.03,37,51,0.7254901960784313,0.7254901960784315,0.630973476772613,0.630973476772613,0.7058823529411765,0.5882352941176471,0.8823529411764706,24,0.7226890756302521
"ensemble_mean(rule,learned)",weights_0.1,37,51,0.7254901960784313,0.7254901960784315,0.6754800959408166,0.6754800959408166,0.7058823529411765,0.5882352941176471,0.8823529411764706,24,0.7226890756302521
"ensemble_geo(rule,learned)",weights_0.1,37,51,0.7254901960784313,0.7254901960784315,0.6744453869214656,0.6744453869214656,0.7058823529411765,0.5882352941176471,0.8823529411764706,24,0.7226890756302521
"ensemble_mean(rule,learned)",two_stage,37,51,0.7254901960784313,0.7254901960784315,0.7417109048971904,0.7417109048971906,0.5882352941176471,0.7647058823529411,0.8235294117647058,23,0.703081232492997
"ensemble_geo(rule,learned)",two_stage,34,51,0.6666666666666666,0.6666666666666666,0.7833342134187931,0.7833342134187933,0.5882352941176471,0.5882352941176471,0.8235294117647058,22,0.6554621848739496
"ensemble_mean(rule,learned)",lda2,29,51,0.5686274509803921,0.5686274509803921,0.7478069801259029,0.747806980125903,0.47058823529411764,0.4117647058823529,0.8235294117647058,20,0.5602240896358542
"ensemble_geo(rule,learned)",lda2,29,51,0.5686274509803921,0.5686274509803921,0.7573212749282512,0.7573212749282511,0.47058823529411764,0.4117647058823529,0.8235294117647058,20,0.5602240896358542
