image_id,batch,multimodal,frac_pore,graphite_crack_density,si_cv_w256,si_fraction_of_solids,si_ecd_d50,graphite_aspect_ratio_median,cbd_fraction_of_solids,qc_threshold_method,qc_si_peak_n,qc_streak_severity,qc_charging_index,qc_modal_agreement,trust_flags,frac_pore_sd,graphite_crack_density_sd,si_cv_w256_sd
img_4ih2ggld,Batch_1,True,0.13131251583619044,47.72676469231578,1.6309813215381017,0.10081186968013649,15.512648837479231,1.59760520485831,0.13653850796256664,valley,1.6350000000000018,0.07808353871755146,0.017268561499845597,0.9999159484022074,low_si_contrast,0.024292905520273876,1.6686294395431782,0.09430948934736352
img_5n1q8atc,Batch_1,True,0.06735169726249898,50.61902325447909,1.6598793094217543,0.11103563688093518,15.450954346703213,1.5881715860396721,0.16369498762210105,valley,1.645000000000002,0.0899468578467376,0.017347715748593857,1.0,low_si_contrast,0.0153561474652616,2.248675497124675,0.096085445853906
img_f1vzngrs,Batch_1,True,0.056399699081778075,41.149715048211085,1.7601372725299351,0.06788516250548188,47.66556054146818,1.579854249209352,0.1539700430869877,valley,2.3050000000000024,0.026372978052675924,0.020561256218905474,1.0,,0.016136365762953086,1.374525720658404,0.05622056053482704
img_ffwubibz,Batch_1,True,0.08974189490058178,44.21534455020233,1.9241626152987477,0.048371778215219124,52.49085991681687,1.5583975592320065,0.0815433100217302,valley,1.985000000000002,0.01444804147911212,0.011606412031758308,1.0,,0.02072298137785544,1.9018674511812705,0.050395954783609795
img_fzrt2k6r,Batch_1,True,0.11602620509648637,56.779179867843915,1.8099949845847574,0.06385989420953653,49.507435033691536,1.5816895848101582,0.09786820103614423,valley,1.905000000000002,0.08632461647542572,0.029554195599822308,1.0,,0.0242292671664711,0.46511645553333575,0.07198156521150077
img_iv6g2oq0,Batch_1,True,0.11780613275725409,49.551282337932285,1.940028365307962,0.05912595646224947,38.580008136279666,1.6136045068156533,0.0995943843994621,valley,2.025000000000002,-0.004742220158237649,0.008902078832714256,1.0,,0.02473477303025693,1.80045219742908,0.09155974329319254
img_uhdslk0o,Batch_1,True,0.11481256118330183,43.952830163385066,1.9108836632176553,0.06576792410230685,37.0823233942262,1.6296811848900206,0.09953459562652962,valley,1.995000000000002,0.042168326721066206,0.045246842240646803,1.0,,0.025170698249659413,1.6729600583115867,0.06919829802942681
img_3806gxp0,Batch_2,True,0.1383816332284929,50.267605100304564,1.8531702334569442,0.06305401895026139,39.84959207851641,1.568032506001599,0.07129191150289778,valley,2.2050000000000027,0.03847780278320684,0.01752692900276255,1.0,,0.02753052989783076,0.7792260813708339,0.04725070550650302
img_avn74qx1,Batch_2,True,0.117518159664063,49.32603043108162,2.258755232168805,0.045775074518585965,39.139619884385205,1.564030806675711,0.07458847871143764,valley,2.1850000000000023,0.009258329998884403,0.013873737187254893,1.0,,0.022968519368076076,1.7336862511501425,0.11150320711487657
img_b3esycq1,Batch_2,True,0.12425933512724212,56.958319949127876,1.7028477256611996,0.08263446975600888,36.71136040686443,1.6560381734526448,0.10559281235202929,valley,1.8950000000000022,0.051536152169117944,0.03867982979121367,0.9999357547078033,,0.025385625955665073,1.061563419639338,0.06583638598129005
img_epqdaau9,Batch_2,True,0.10637375141872114,48.093225693429915,2.013299907536516,0.06079613222411214,48.118022174896325,1.5908301983776811,0.11855441249506952,valley,2.2650000000000023,0.027642130625562256,0.03402530657177236,1.0,,0.024889361804040007,2.0241368047288306,0.07433036857808901
img_i9jiqjwl,Batch_2,True,0.10583510557305106,51.3595458032604,2.091698249483496,0.0561993000955056,49.41733953585565,1.606011913566886,0.09019217417965625,valley,2.1450000000000022,-0.011685101016260713,0.029499346061190927,1.0,,0.023586930853604464,1.6857847878896377,0.07387340138676401
img_r17byphk,Batch_2,True,0.15618593228610678,62.12422078928235,2.489676209398694,0.043483639199663755,32.85889733292062,1.6124221678338224,0.10077428547438949,valley,1.955000000000002,-0.008536744155765644,0.029170467352112026,1.0,,0.029583429894585886,1.3113051323231366,0.1465076694893094
img_rxax5ozo,Batch_2,True,0.12483240700112135,60.55254170855808,2.021655959442819,0.0572225041061324,43.614326085525576,1.6277827198909511,0.09927526644360031,valley,2.275000000000002,0.02033613587793071,0.037468115778229866,1.0,,0.026605430252627488,1.1714196688686989,0.09353730943407014
img_0grcilhi,Batch_3,True,0.22333867473142546,41.01301338937641,1.9905528152252596,0.05787153879914871,50.025506624102064,1.6346558264378634,0.050737657541734336,valley,2.1650000000000027,0.009179800806110012,0.04251369203454606,1.0,,0.03246774698620033,1.5812562322379389,0.06552272940932122
img_71vgq3fw,Batch_3,True,0.13744617546880597,58.12499518012028,1.8582717997783345,0.06588719507501584,45.0606810428157,1.6355015605138568,0.1293360461508912,valley,2.235000000000002,0.02065968626265038,0.0006453103830315489,1.0,,0.03044278342799934,1.8098848604488338,0.08400662630195324
img_9luzk4jm,Batch_3,True,0.18597479338344147,97.68524777433908,1.8611376979200085,0.06940260767121322,47.719560865437046,1.6445519823790495,0.09918282565514912,valley,1.905000000000002,0.03252012530803805,0.024040403125888222,1.0,,0.032834683979773606,3.706514787754838,0.055692835924549794
img_cfe5vt7s,Batch_3,True,0.12916064891471152,64.15881478102624,1.7898781876757557,0.06177861994404405,35.96680938658481,1.6413464285376729,0.10622332442480538,valley,1.985000000000002,-0.02377441517543574,0.03067545616487704,1.0,,0.02830415476943098,0.8044793497663599,0.0703008710136197
img_hawkfj64,Batch_3,True,0.15397151755890584,54.89569697238328,1.9589812645935407,0.046094484235776556,42.21986435243953,1.6121260975649663,0.06717027029502437,valley,2.195000000000002,0.0029797782211427983,0.055649092714633926,1.0,charging,0.030709892744207247,1.1731890364675437,0.1055452141313032
img_hzumfsms,Batch_3,True,0.21165885578707438,88.75498469019337,1.9050005143092075,0.05737562217514929,50.78959851813597,1.6734061010335022,0.09945527782101383,valley,1.8550000000000022,0.02090922488159469,0.018028124653627135,1.0,,0.03223939474674504,3.388694829346942,0.09298849137820732
img_kbdh4tri,Batch_3,True,0.1361883694518046,67.70168582466317,1.8121951175683748,0.055185433283704385,34.17810807654463,1.6452761136875027,0.1504588417121044,valley,2.2550000000000026,-0.0027498259699803903,0.0007374280578340486,1.0,,0.03167865388626717,1.4235616633344483,0.08901339418985482
img_mgxahqnk,Batch_3,True,0.1543284884595709,53.6397326761302,1.9469187790418117,0.07390558708101162,42.85659805331355,1.638708836184517,0.05357199410301784,valley,2.1850000000000023,-0.0025786746162476917,0.05288458066263429,1.0,charging,0.031138034032257993,1.1651375343160002,0.08552475382616008
img_pl8uabbv,Batch_3,True,0.1354944069828766,59.5217832860383,1.8327806101340434,0.059342870273545734,41.38188976755077,1.6212146808761752,0.08829778827047918,valley,2.1350000000000025,0.02123917473095652,0.04080934885442223,1.0,,0.02852710507561566,1.617413632142103,0.07603569412172263
img_ptg8lmto,Batch_3,True,0.13121366082679797,71.17356076506583,1.8970582237320244,0.05710448212308605,42.72967946463235,1.6749214423241334,0.11338223646440451,valley,2.2550000000000026,0.003564994889451288,0.024280487926291925,1.0,,0.030354705476694332,4.242539197296767,0.08288797644544818
img_tuy3zymq,Batch_3,True,0.1592652722066862,71.67407319590477,2.002107179757502,0.04843817963208285,34.7737339627472,1.661454893641242,0.13127940765438348,valley,2.2550000000000026,0.000530261993336271,0.0011678435481753888,1.0,,0.03399677961140279,1.812793635339799,0.10522671003058996
img_ufdvpb81,Batch_3,True,0.13799885923296998,75.63795271785682,1.864017452134156,0.05161697613888697,44.63162551515987,1.6169431103196168,0.10760357096735461,valley,1.875000000000002,0.07533074459201529,0.013188164007071767,1.0,,0.0270225613043877,2.4888544198991513,0.07402359477264905
img_utfgcjfa,Batch_3,True,0.14988509847356005,66.45002524461225,1.9950635970656252,0.06178838144071166,34.44792091974742,1.5835073694141406,0.08709717622224145,valley,2.285000000000003,0.04124717222536512,0.038284479050254554,1.0,,0.0288652766607075,1.044451537845172,0.09526800517225391
img_vc2whyaq,Batch_3,True,0.13972172913868833,67.23670996865788,1.8981316633771628,0.06418960638044893,50.070023054084345,1.6537178790542832,0.0771224222959576,valley,2.1450000000000022,-0.005851209556179746,0.04608959826434596,1.0,,0.02758452924010899,0.7524076130015285,0.0626074518585545
img_x77cy643,Batch_3,True,0.14262846630922604,68.398439900324,1.7191508239759088,0.07057315329721695,54.303064237726375,1.607501775393249,0.0824025609652904,valley,2.2550000000000026,0.03249178730837108,0.04695919090255973,1.0,,0.02959123663149438,2.053922847087092,0.05641452457148714
img_x7u69zsw,Batch_3,True,0.133641680738076,61.858216389288685,1.825134534971651,0.08213390614808613,45.90437284765684,1.6622320423138122,0.13550531300234706,valley,2.235000000000002,0.005295500388680221,0.0014093656630915275,1.0,,0.029588072439247378,1.2838159612479658,0.08620735289929937
img_xgj4xftb,Batch_3,True,0.16984474426040183,74.21157431194358,2.2725674090604855,0.05523976730420153,33.87888356537519,1.6963498252088645,0.11154904095648219,valley,2.2450000000000028,-0.010012341069059974,0.07292848934287965,1.0,charging,0.033641661180701575,1.3208051645748358,0.07705035763045277
